vehicle_id,lat,lon,vehicle_type_id,initial_soc
v0,40.84976641348078,-73.93987396683663,leaf_50,0.3
v1,40.83212094294437,-73.94241192639835,leaf_50,0.3
v2,40.71301579478889,-74.0105186463512,leaf_50,0.3
v3,40.795006003862945,-73.93966110870859,leaf_50,0.3
v4,40.85208412837146,-73.93192755666497,leaf_50,0.3
v5,40.71210018387436,-73.98465778939931,leaf_50,0.3
v6,40.7264433495383,-73.97822832078833,leaf_50,0.3
v7,40.77542141144522,-73.98104003887676,leaf_50,0.3
v8,40.80217065381774,-73.94053465317218,leaf_50,0.3
v9,40.769950894880154,-73.9837600675304,leaf_50,0.3
v10,40.81226076050968,-73.95408461234484,leaf_50,0.3
v11,40.71628834795191,-74.00181926261708,leaf_50,0.3
v12,40.723863687584625,-74.00149506002384,leaf_50,0.3
v13,40.845023889145246,-73.93829213169745,leaf_50,0.3
v14,40.815967762850036,-73.9637249249524,leaf_50,0.3
v15,40.71896490844449,-74.00001068559615,leaf_50,0.3
v16,40.75352170266663,-73.99604667572734,leaf_50,0.3
v17,40.85788479842635,-73.92679529732332,leaf_50,0.3
v18,40.78212809264642,-73.98652852147252,leaf_50,0.3
v19,40.776279529007304,-73.96117050600796,leaf_50,0.3
v20,40.77621572400824,-73.96096201766196,leaf_50,0.3
v21,40.78175167842948,-73.9526159378608,leaf_50,0.3
v22,40.73679464483349,-73.9966726185611,leaf_50,0.3
v23,40.75979111586939,-73.97628501634556,leaf_50,0.3
v24,40.816854951893184,-73.95334316084576,leaf_50,0.3
v25,40.76895016793457,-73.9925412118965,leaf_50,0.3
v26,40.837028799993305,-73.94441893502679,leaf_50,0.3
v27,40.732194874976315,-73.9778352913484,leaf_50,0.3
v28,40.81147338517812,-73.96476911476627,leaf_50,0.3
v29,40.78545579533188,-73.97980265556991,leaf_50,0.3
v30,40.8062167150727,-73.94673641977597,leaf_50,0.3
v31,40.80526491833653,-73.93380657047116,leaf_50,0.3
v32,40.73086488909187,-73.98199971768291,leaf_50,0.3
v33,40.72336192500824,-73.97248308951661,leaf_50,0.3
v34,40.802696649323174,-73.93612606638239,leaf_50,0.3
v35,40.75492381439823,-74.00686056172178,leaf_50,0.3
v36,40.807784042713244,-73.96312675934564,leaf_50,0.3
v37,40.71636490102656,-74.01230403255398,leaf_50,0.3
v38,40.861741379940995,-73.91812338238562,leaf_50,0.3
v39,40.78991134571766,-73.9447681632703,leaf_50,0.3
v40,40.70647929139549,-74.01374401098074,leaf_50,0.3
v41,40.78667265736635,-73.95170013713508,leaf_50,0.3
v42,40.769465952947,-73.97028276235928,leaf_50,0.3
v43,40.73784789460221,-73.98253482145081,leaf_50,0.3
v44,40.794635415227845,-73.95038275774242,leaf_50,0.3
v45,40.77778963967211,-73.97298504541394,leaf_50,0.3
v46,40.71990696298811,-73.99539595686359,leaf_50,0.3
v47,40.75167663476441,-73.98561556621387,leaf_50,0.3
v48,40.799737649806865,-73.97267170160548,leaf_50,0.3
v49,40.82104431780926,-73.95274843790486,leaf_50,0.3
v50,40.724899144296224,-73.99344101998237,leaf_50,0.3
v51,40.757671156390344,-73.99994225163637,leaf_50,0.3
v52,40.85626598524752,-73.93400663147084,leaf_50,0.3
v53,40.80708536979199,-73.95782086102268,leaf_50,0.3
v54,40.76289827240267,-73.99424423811129,leaf_50,0.3
v55,40.79974435029405,-73.95256548974344,leaf_50,0.3
v56,40.809066291387346,-73.93443245914195,leaf_50,0.3
v57,40.826672215360524,-73.95174026022599,leaf_50,0.3
v58,40.70567696003123,-74.00389352340754,leaf_50,0.3
v59,40.775325930894006,-73.94492712577,leaf_50,0.3
v60,40.77385467419505,-73.9796677778866,leaf_50,0.3
v61,40.77353628829349,-73.98403780958591,leaf_50,0.3
v62,40.79452076858888,-73.95092169971338,leaf_50,0.3
v63,40.78968427205483,-73.97885005557025,leaf_50,0.3
v64,40.81865492177552,-73.94717638628131,leaf_50,0.3
v65,40.80635552207049,-73.95425061769008,leaf_50,0.3
v66,40.77666305347125,-73.98987912298846,leaf_50,0.3
v67,40.75642518951642,-73.9836112300046,leaf_50,0.3
v68,40.81956519004745,-73.95930892836289,leaf_50,0.3
v69,40.715184251991595,-73.9931087002823,leaf_50,0.3
v70,40.767560567485326,-73.97977143989553,leaf_50,0.3
v71,40.822307296018664,-73.95340949314063,leaf_50,0.3
v72,40.72394702670185,-73.97679012101155,leaf_50,0.3
v73,40.81267980443296,-73.94271100911942,leaf_50,0.3
v74,40.7314248411044,-74.00171905357595,leaf_50,0.3
v75,40.72734320466562,-73.98143167487586,leaf_50,0.3
v76,40.74573284311608,-73.98308663966208,leaf_50,0.3
v77,40.77845842885011,-73.96502577139738,leaf_50,0.3
v78,40.74617066155452,-73.98114466337539,leaf_50,0.3
v79,40.777559744169146,-73.96489729012258,leaf_50,0.3
v80,40.72691818604395,-73.99741219323217,leaf_50,0.3
v81,40.78114775719,-73.97656235879181,leaf_50,0.3
v82,40.811389034369896,-73.95581911192676,leaf_50,0.3
v83,40.87573680992126,-73.92305657563976,leaf_50,0.3
v84,40.85089352886191,-73.93462719477998,leaf_50,0.3
v85,40.81208628586397,-73.94877354928396,leaf_50,0.3
v86,40.72045165998873,-73.99264244764991,leaf_50,0.3
v87,40.720122462448344,-73.98858246276112,leaf_50,0.3
v88,40.818899967554685,-73.9405810208464,leaf_50,0.3
v89,40.75049947926087,-73.99578404932272,leaf_50,0.3
v90,40.71690403249913,-73.97995117442375,leaf_50,0.3
v91,40.861590243627646,-73.9320144041915,leaf_50,0.3
v92,40.73804911473125,-73.99929222465984,leaf_50,0.3
v93,40.72705484261786,-74.00145902004387,leaf_50,0.3
v94,40.73152906745375,-74.00383765325296,leaf_50,0.3
v95,40.82700732578891,-73.94060994810891,leaf_50,0.3
v96,40.73059734062741,-73.97477915541636,leaf_50,0.3
v97,40.779462031372596,-73.98674238972274,leaf_50,0.3
v98,40.72103917714168,-73.97804239037819,leaf_50,0.3
v99,40.75975310237995,-73.96566147205266,leaf_50,0.3
v100,40.787097375445256,-73.96147657458398,leaf_50,0.3
v101,40.844567663062016,-73.93454852589495,leaf_50,0.3
v102,40.80138851389271,-73.97151166350852,leaf_50,0.3
v103,40.719453929120355,-73.98167827447968,leaf_50,0.3
v104,40.71048785561,-74.00206385888484,leaf_50,0.3
v105,40.78760024516685,-73.95623187776862,leaf_50,0.3
v106,40.78002094333685,-73.9562080073759,leaf_50,0.3
v107,40.73163210909127,-73.9957892510706,leaf_50,0.3
v108,40.7573396150726,-73.9645382178573,leaf_50,0.3
v109,40.776437396555835,-73.97223317077606,leaf_50,0.3
v110,40.81184484298362,-73.94567791418112,leaf_50,0.3
v111,40.790408263331635,-73.95705836682617,leaf_50,0.3
v112,40.7971443661595,-73.96814865507476,leaf_50,0.3
v113,40.72586824643613,-74.00088824966033,leaf_50,0.3
v114,40.79735478998389,-73.93398612275152,leaf_50,0.3
v115,40.85545381144251,-73.93698355865402,leaf_50,0.3
v116,40.84471189895632,-73.93725488258507,leaf_50,0.3
v117,40.83907222322188,-73.94475983700288,leaf_50,0.3
v118,40.70799848515256,-74.01312489181169,leaf_50,0.3
v119,40.723076251090575,-73.9873451303642,leaf_50,0.3
v120,40.735697759876686,-73.97796573388138,leaf_50,0.3
v121,40.84724511466115,-73.93601363185338,leaf_50,0.3
v122,40.823698015529224,-73.93798367142018,leaf_50,0.3
v123,40.84936471095786,-73.9294167712526,leaf_50,0.3
v124,40.734552807778456,-74.00628402000233,leaf_50,0.3
v125,40.78407911304043,-73.95237460499213,leaf_50,0.3
v126,40.78827904054942,-73.95507158640308,leaf_50,0.3
v127,40.79638711979171,-73.9297647495171,leaf_50,0.3
v128,40.87100851478195,-73.91355065378261,leaf_50,0.3
v129,40.77132618212306,-73.98679162459818,leaf_50,0.3
v130,40.78302136252015,-73.94924941393488,leaf_50,0.3
v131,40.71619256729146,-74.00449045160197,leaf_50,0.3
v132,40.707000035493834,-74.00170157608613,leaf_50,0.3
v133,40.71105198667229,-73.97954182879194,leaf_50,0.3
v134,40.776856467401025,-73.9729924205435,leaf_50,0.3
v135,40.71067572304717,-74.00110491709194,leaf_50,0.3
v136,40.76304485106968,-73.99651568798801,leaf_50,0.3
v137,40.76458586409412,-73.95562526092948,leaf_50,0.3
v138,40.77120177083805,-73.96737259179031,leaf_50,0.3
v139,40.862291245198875,-73.92097731763741,leaf_50,0.3
v140,40.775879212131734,-73.98835620228104,leaf_50,0.3
v141,40.78964034629377,-73.93988690884878,leaf_50,0.3
v142,40.7487764728866,-73.97025252734139,leaf_50,0.3
v143,40.755906014766026,-73.97771236722038,leaf_50,0.3
v144,40.74851370149331,-73.96970572477233,leaf_50,0.3
v145,40.803961287212445,-73.93816697083153,leaf_50,0.3
v146,40.71176261565428,-73.99824869305854,leaf_50,0.3
v147,40.80748575753998,-73.93905124313132,leaf_50,0.3
v148,40.773892471556344,-73.97855178187665,leaf_50,0.3
v149,40.721261404240686,-73.99914725605203,leaf_50,0.3
v150,40.72013275825902,-73.9827898338011,leaf_50,0.3
v151,40.7936253928549,-73.97597494356977,leaf_50,0.3
v152,40.866523449950975,-73.92029936936478,leaf_50,0.3
v153,40.81669665063473,-73.95811083452708,leaf_50,0.3
v154,40.76480259447828,-73.96824152198427,leaf_50,0.3
v155,40.8033022750853,-73.93597427096492,leaf_50,0.3
v156,40.74885944906727,-74.00735021663066,leaf_50,0.3
v157,40.87208497426767,-73.92132302757783,leaf_50,0.3
v158,40.7914713246997,-73.96113370507067,leaf_50,0.3
v159,40.78520935280728,-73.96660500570559,leaf_50,0.3
v160,40.7499654209179,-73.99415937640468,leaf_50,0.3
v161,40.7088519706019,-74.01177477711933,leaf_50,0.3
v162,40.7455246171286,-73.97480545012708,leaf_50,0.3
v163,40.72995920203329,-73.9960975692387,leaf_50,0.3
v164,40.76224939278502,-73.98802721652984,leaf_50,0.3
v165,40.75646251341987,-73.99931412981947,leaf_50,0.3
v166,40.83915997037791,-73.94783884967369,leaf_50,0.3
v167,40.76349940230546,-73.98256500546732,leaf_50,0.3
v168,40.75691704479668,-73.99619922517365,leaf_50,0.3
v169,40.776181123383914,-73.98916718858848,leaf_50,0.3
v170,40.86310830199784,-73.91809372976269,leaf_50,0.3
v171,40.834098703312364,-73.93854353836029,leaf_50,0.3
v172,40.712870928647874,-73.97723117607416,leaf_50,0.3
v173,40.735432414370884,-73.98436780888228,leaf_50,0.3
v174,40.845076042135474,-73.93487426074658,leaf_50,0.3
v175,40.71889539048637,-73.99632888018624,leaf_50,0.3
v176,40.79588548179943,-73.95756956283589,leaf_50,0.3
v177,40.791886621002305,-73.96951203882492,leaf_50,0.3
v178,40.73197990960805,-74.00935696055376,leaf_50,0.3
v179,40.872759453597396,-73.9144799214967,leaf_50,0.3
v180,40.792430220597,-73.96362516527347,leaf_50,0.3
v181,40.76597934011784,-73.99405971522414,leaf_50,0.3
v182,40.76905077735378,-73.96335033884802,leaf_50,0.3
v183,40.71023731904272,-73.99455379461757,leaf_50,0.3
v184,40.85488957531507,-73.93032098330848,leaf_50,0.3
v185,40.7670427818599,-73.97065672165996,leaf_50,0.3
v186,40.72156149471781,-74.00907448445626,leaf_50,0.3
v187,40.747953513412654,-74.00154890807768,leaf_50,0.3
v188,40.81663419219858,-73.93556447530365,leaf_50,0.3
v189,40.741183176631104,-73.98459925347295,leaf_50,0.3
v190,40.76016524688058,-73.98441921087766,leaf_50,0.3
v191,40.872928012016885,-73.92126111003293,leaf_50,0.3
v192,40.75365874915458,-73.9998025023084,leaf_50,0.3
v193,40.71917699097665,-74.00382910869118,leaf_50,0.3
v194,40.7729166276282,-73.98870811634852,leaf_50,0.3
v195,40.86846214823163,-73.92200528927609,leaf_50,0.3
v196,40.76204346355964,-73.99278754098813,leaf_50,0.3
v197,40.815795636256816,-73.9557454240614,leaf_50,0.3
v198,40.85233904655257,-73.93570156011404,leaf_50,0.3
v199,40.738599616190086,-73.9795262296647,leaf_50,0.3
v200,40.74723526646699,-74.00046604573969,leaf_50,0.3
v201,40.82672745637631,-73.95140490289796,leaf_50,0.3
v202,40.79334235389528,-73.97961124281555,leaf_50,0.3
v203,40.72556018139964,-73.99577455583479,leaf_50,0.3
v204,40.75138649208194,-73.97150832635337,leaf_50,0.3
v205,40.79711526201704,-73.95109020290774,leaf_50,0.3
v206,40.72295096661693,-74.00275613314905,leaf_50,0.3
v207,40.81421043924196,-73.96366933553026,leaf_50,0.3
v208,40.80372495194433,-73.94964541291064,leaf_50,0.3
v209,40.75943146570742,-73.99813945638022,leaf_50,0.3
v210,40.785197173129404,-73.97881218345809,leaf_50,0.3
v211,40.81539705501509,-73.93625455993386,leaf_50,0.3
v212,40.719497278927456,-74.00423463802058,leaf_50,0.3
v213,40.75615231060919,-74.00363914337677,leaf_50,0.3
v214,40.81097589627184,-73.94818109654334,leaf_50,0.3
v215,40.794683594724425,-73.95117778005107,leaf_50,0.3
v216,40.712416891511104,-74.00167249419952,leaf_50,0.3
v217,40.75020389771473,-74.00694801457419,leaf_50,0.3
v218,40.77618843149696,-73.98946715117421,leaf_50,0.3
v219,40.82431044638245,-73.9416441549878,leaf_50,0.3
v220,40.772568107761295,-73.96156382809784,leaf_50,0.3
v221,40.713790783933355,-73.99874644398635,leaf_50,0.3
v222,40.79991640801033,-73.95045467571079,leaf_50,0.3
v223,40.77973083863779,-73.97935418668624,leaf_50,0.3
v224,40.77824029933008,-73.98001395494433,leaf_50,0.3
v225,40.74165658110862,-73.97819827554879,leaf_50,0.3
v226,40.82250692949648,-73.9571979280083,leaf_50,0.3
v227,40.73018516056839,-73.99060529815495,leaf_50,0.3
v228,40.751891203850946,-73.98480653717179,leaf_50,0.3
v229,40.74237739815276,-73.98888836356548,leaf_50,0.3
v230,40.729758949593496,-73.98898562369367,leaf_50,0.3
v231,40.782518270533295,-73.98550106638027,leaf_50,0.3
v232,40.756216996548694,-73.97217670916017,leaf_50,0.3
v233,40.80455351875256,-73.95038939185868,leaf_50,0.3
v234,40.764610910062466,-73.95324823057233,leaf_50,0.3
v235,40.73804205466124,-73.98447623851455,leaf_50,0.3
v236,40.78759486819556,-73.98340826066448,leaf_50,0.3
v237,40.810121105304184,-73.95044108563486,leaf_50,0.3
v238,40.777431706701,-73.95442248275299,leaf_50,0.3
v239,40.761699824690176,-73.9611996374192,leaf_50,0.3
v240,40.77365110510611,-73.97778073253988,leaf_50,0.3
v241,40.76440447629119,-73.96354493172052,leaf_50,0.3
v242,40.71160858750568,-74.00561209814725,leaf_50,0.3
v243,40.850249731820234,-73.93387732900123,leaf_50,0.3
v244,40.77087051969953,-73.9819670279817,leaf_50,0.3
v245,40.765916313761224,-73.99297114203048,leaf_50,0.3
v246,40.8670252737255,-73.92905641892033,leaf_50,0.3
v247,40.71543062686431,-73.98600405603962,leaf_50,0.3
v248,40.72917445749125,-73.97410628052924,leaf_50,0.3
v249,40.72337818758426,-73.9741674737893,leaf_50,0.3
v250,40.80432986689941,-73.9590450201969,leaf_50,0.3
v251,40.71945512299413,-73.97478171328636,leaf_50,0.3
v252,40.854660595514105,-73.93779121252422,leaf_50,0.3
v253,40.82854733636788,-73.95230618671208,leaf_50,0.3
v254,40.78530280244517,-73.9791847273942,leaf_50,0.3
v255,40.79993146484013,-73.95277881659698,leaf_50,0.3
v256,40.7104679207147,-73.99372120833479,leaf_50,0.3
v257,40.73526390138147,-74.00139048833113,leaf_50,0.3
v258,40.73728135162651,-74.00060311793987,leaf_50,0.3
v259,40.733902420955324,-73.99760654071287,leaf_50,0.3
v260,40.746708365409525,-73.97435242872295,leaf_50,0.3
v261,40.79504166567618,-73.94787521095554,leaf_50,0.3
v262,40.80221272501553,-73.94821931795502,leaf_50,0.3
v263,40.74746009142986,-73.9867668448694,leaf_50,0.3
v264,40.76319375652887,-73.98817038415473,leaf_50,0.3
v265,40.760138209970684,-73.9868459331717,leaf_50,0.3
v266,40.86031133739073,-73.92726267903947,leaf_50,0.3
v267,40.84782014799299,-73.9349914279481,leaf_50,0.3
v268,40.83695527029013,-73.94457239114564,leaf_50,0.3
v269,40.860875773637716,-73.923137675134,leaf_50,0.3
v270,40.753188643142956,-73.99582138105862,leaf_50,0.3
v271,40.79718780128444,-73.94345445484063,leaf_50,0.3
v272,40.87146724529027,-73.93096435575251,leaf_50,0.3
v273,40.78045413875625,-73.95298430633322,leaf_50,0.3
v274,40.80366075632604,-73.93205889373444,leaf_50,0.3
v275,40.77207187679305,-73.96281810294296,leaf_50,0.3
v276,40.79928564046967,-73.97141111291214,leaf_50,0.3
v277,40.780445380801105,-73.95763542827004,leaf_50,0.3
v278,40.74329176844213,-74.00971241135892,leaf_50,0.3
v279,40.74281672146999,-73.99059632788715,leaf_50,0.3
v280,40.76967480256665,-73.96451682426253,leaf_50,0.3
v281,40.76218969510734,-73.97309563617904,leaf_50,0.3
v282,40.766735990626074,-73.96629423266248,leaf_50,0.3
v283,40.73559871834242,-73.9790659553503,leaf_50,0.3
v284,40.775747681340675,-73.96691223041911,leaf_50,0.3
v285,40.72363287964986,-73.97872356053469,leaf_50,0.3
v286,40.74224203214191,-74.00552189501359,leaf_50,0.3
v287,40.79630732736994,-73.93509538863269,leaf_50,0.3
v288,40.773402847097174,-73.96407446597935,leaf_50,0.3
v289,40.81173516708595,-73.94342455154883,leaf_50,0.3
v290,40.71224878118537,-73.98258121383226,leaf_50,0.3
v291,40.82772789830753,-73.95265587423798,leaf_50,0.3
v292,40.78964185133612,-73.95832146353756,leaf_50,0.3
v293,40.779653724439,-73.94917620988844,leaf_50,0.3
v294,40.73380321650719,-73.98220195378863,leaf_50,0.3
v295,40.72972231656378,-73.98150597215609,leaf_50,0.3
v296,40.76122202225258,-73.97353229532938,leaf_50,0.3
v297,40.76139551572181,-73.99080852217794,leaf_50,0.3
v298,40.75918397525418,-73.9939045141905,leaf_50,0.3
v299,40.773973986477316,-73.97266171336616,leaf_50,0.3
v300,40.74611661999309,-73.97972001664695,leaf_50,0.3
v301,40.72677695768706,-74.00968684174094,leaf_50,0.3
v302,40.72412126533277,-73.98887659351384,leaf_50,0.3
v303,40.74498559224243,-73.99901079739017,leaf_50,0.3
v304,40.723606231020696,-73.99309704258968,leaf_50,0.3
v305,40.76254204437162,-73.9760427747618,leaf_50,0.3
v306,40.70876315147625,-74.01051189078684,leaf_50,0.3
v307,40.72601271199785,-73.98789061753794,leaf_50,0.3
v308,40.76455966556923,-73.96322014092073,leaf_50,0.3
v309,40.733906587958295,-74.00255943953361,leaf_50,0.3
v310,40.86442667512154,-73.91814980280061,leaf_50,0.3
v311,40.800175656343775,-73.95143280058917,leaf_50,0.3
v312,40.72166823641872,-73.99011482043161,leaf_50,0.3
v313,40.71499636244869,-73.98724652898166,leaf_50,0.3
v314,40.80534887673599,-73.96045247012813,leaf_50,0.3
v315,40.750011499697656,-73.9747681099966,leaf_50,0.3
v316,40.757437135896396,-73.96980281795533,leaf_50,0.3
v317,40.777449186908925,-73.95693915534433,leaf_50,0.3
v318,40.8068813040603,-73.95939349894928,leaf_50,0.3
v319,40.806244199996584,-73.96446021754763,leaf_50,0.3
v320,40.77076536771915,-73.9881429803102,leaf_50,0.3
v321,40.73460493616607,-73.9927313689179,leaf_50,0.3
v322,40.73413265742646,-73.97627665709595,leaf_50,0.3
v323,40.86234382903354,-73.91781467461553,leaf_50,0.3
v324,40.758434006409715,-73.97343622873714,leaf_50,0.3
v325,40.77955107817487,-73.95157598114977,leaf_50,0.3
v326,40.78233378147474,-73.96083025220052,leaf_50,0.3
v327,40.77049700134092,-73.96978599665069,leaf_50,0.3
v328,40.79884454055677,-73.94582267191936,leaf_50,0.3
v329,40.776896433376606,-73.94357015916545,leaf_50,0.3
v330,40.817264593452286,-73.94144947220111,leaf_50,0.3
v331,40.72216007045849,-73.99272211156236,leaf_50,0.3
v332,40.74446344918651,-74.00829272519238,leaf_50,0.3
v333,40.72195758246839,-74.0123517282074,leaf_50,0.3
v334,40.819232069919046,-73.95849621239005,leaf_50,0.3
v335,40.75287639230363,-73.9897061914588,leaf_50,0.3
v336,40.86557347813871,-73.93257892253988,leaf_50,0.3
v337,40.74322970051995,-73.98872217885074,leaf_50,0.3
v338,40.736471475170454,-74.00884281001673,leaf_50,0.3
v339,40.81103751746781,-73.94210458190557,leaf_50,0.3
v340,40.80757955791399,-73.93465065897989,leaf_50,0.3
v341,40.737087905946886,-73.98812554763822,leaf_50,0.3
v342,40.784722506062415,-73.96376998094712,leaf_50,0.3
v343,40.71665995204185,-73.99977002647405,leaf_50,0.3
v344,40.8100604970697,-73.94171732500303,leaf_50,0.3
v345,40.79985283303821,-73.96809768105469,leaf_50,0.3
v346,40.77517363957912,-73.94630094744961,leaf_50,0.3
v347,40.82291155157206,-73.9573572820334,leaf_50,0.3
v348,40.82336593969993,-73.93857715506599,leaf_50,0.3
v349,40.85092205718358,-73.93704186721354,leaf_50,0.3
v350,40.76117796346333,-73.96024953981072,leaf_50,0.3
v351,40.72489640147263,-73.98129860893579,leaf_50,0.3
v352,40.709257295581885,-74.01386074234237,leaf_50,0.3
v353,40.78728738900224,-73.95783713235797,leaf_50,0.3
v354,40.71981241342403,-73.99604075602822,leaf_50,0.3
v355,40.809738628269294,-73.95523066242818,leaf_50,0.3
v356,40.73854777251606,-73.99142048095881,leaf_50,0.3
v357,40.723915847187065,-73.97394519677023,leaf_50,0.3
v358,40.80025342847901,-73.94562686866148,leaf_50,0.3
v359,40.77832839915621,-73.9824648377044,leaf_50,0.3
v360,40.755324201403646,-73.98127789382892,leaf_50,0.3
v361,40.7299856931865,-73.99994694466282,leaf_50,0.3
v362,40.74326319465498,-74.00736541230923,leaf_50,0.3
v363,40.8520456809321,-73.92784293748731,leaf_50,0.3
v364,40.759932220618616,-73.96702893675041,leaf_50,0.3
v365,40.80036598331062,-73.9708160169709,leaf_50,0.3
v366,40.735759835215774,-73.99220291225772,leaf_50,0.3
v367,40.85921090358415,-73.92713958306246,leaf_50,0.3
v368,40.74183644384683,-73.97724455127599,leaf_50,0.3
v369,40.72466941854033,-73.97314510820314,leaf_50,0.3
v370,40.848528746813635,-73.94056442755661,leaf_50,0.3
v371,40.859347302922544,-73.93335487880212,leaf_50,0.3
v372,40.73432280504267,-74.00454079974779,leaf_50,0.3
v373,40.79668506991198,-73.95044908431612,leaf_50,0.3
v374,40.74443173419607,-73.99726694774756,leaf_50,0.3
v375,40.82639188803789,-73.94576106915537,leaf_50,0.3
v376,40.71626233495177,-74.00900141166474,leaf_50,0.3
v377,40.74021294523238,-73.99595270048127,leaf_50,0.3
v378,40.71114320648566,-73.99722671410021,leaf_50,0.3
v379,40.72701439721032,-74.01341343902438,leaf_50,0.3
v380,40.78180758900925,-73.94994577709997,leaf_50,0.3
v381,40.70979220128268,-74.0080900971884,leaf_50,0.3
v382,40.87336949551385,-73.92821542012825,leaf_50,0.3
v383,40.85702308601952,-73.9380503222422,leaf_50,0.3
v384,40.808561453953125,-73.94326548774984,leaf_50,0.3
v385,40.79408649866159,-73.95505191908192,leaf_50,0.3
v386,40.71383899631717,-73.99753875148313,leaf_50,0.3
v387,40.79121857856565,-73.96538305730513,leaf_50,0.3
v388,40.75032809715692,-73.98674203740005,leaf_50,0.3
v389,40.85388375573958,-73.925167642683,leaf_50,0.3
v390,40.75360826415285,-73.99598144420587,leaf_50,0.3
v391,40.760451850629586,-73.99064036857483,leaf_50,0.3
v392,40.75730528654748,-73.97956428137977,leaf_50,0.3
v393,40.85080222871264,-73.93951965711216,leaf_50,0.3
v394,40.728586732215135,-73.98958824967883,leaf_50,0.3
v395,40.801226602709136,-73.96921292174856,leaf_50,0.3
v396,40.87084593156236,-73.91532729006485,leaf_50,0.3
v397,40.82685332175447,-73.94581627033858,leaf_50,0.3
v398,40.834899285553874,-73.93658016248035,leaf_50,0.3
v399,40.736874274714,-73.97491763048097,leaf_50,0.3
v400,40.72930885876351,-74.00074975141108,leaf_50,0.3
v401,40.77432987896674,-73.9883390829781,leaf_50,0.3
v402,40.85268050047759,-73.93475787478755,leaf_50,0.3
v403,40.71335966476577,-74.01514001257438,leaf_50,0.3
v404,40.71339958389843,-73.97762588197999,leaf_50,0.3
v405,40.81109194213507,-73.9391890634236,leaf_50,0.3
v406,40.78472957845664,-73.97555937811573,leaf_50,0.3
v407,40.79591036589608,-73.9615365143159,leaf_50,0.3
v408,40.772153387548364,-73.98727978571134,leaf_50,0.3
v409,40.71662470143153,-74.00220044629111,leaf_50,0.3
v410,40.79749585606805,-73.96338418411165,leaf_50,0.3
v411,40.74770172858524,-73.97495890010758,leaf_50,0.3
v412,40.777000488678844,-73.96677354353555,leaf_50,0.3
v413,40.740297534984734,-74.00730397433219,leaf_50,0.3
v414,40.76450950882188,-73.99282215741457,leaf_50,0.3
v415,40.76014808099064,-73.96070900590726,leaf_50,0.3
v416,40.77879784255201,-73.94773233905103,leaf_50,0.3
v417,40.840871934033494,-73.93365743278723,leaf_50,0.3
v418,40.865548211447155,-73.91806083770388,leaf_50,0.3
v419,40.79823427546257,-73.94614903271832,leaf_50,0.3
v420,40.768573999817036,-73.99447399682106,leaf_50,0.3
v421,40.767771298095276,-73.97881839719568,leaf_50,0.3
v422,40.7938126347381,-73.96728856512811,leaf_50,0.3
v423,40.76173155060335,-73.96490185858153,leaf_50,0.3
v424,40.75896754653204,-74.0021653369612,leaf_50,0.3
v425,40.80333659289606,-73.9384554351513,leaf_50,0.3
v426,40.76886724057697,-73.9961709697692,leaf_50,0.3
v427,40.71544845817428,-73.995582002108,leaf_50,0.3
v428,40.7515289409624,-73.98052424196116,leaf_50,0.3
v429,40.80932456011919,-73.9678095594698,leaf_50,0.3
v430,40.74679510192596,-73.98997898120143,leaf_50,0.3
v431,40.7401091282855,-73.97441982106702,leaf_50,0.3
v432,40.75264570438784,-74.00729443125894,leaf_50,0.3
v433,40.72951628808402,-73.99054783391269,leaf_50,0.3
v434,40.79465166332997,-73.97050636303919,leaf_50,0.3
v435,40.80624331422383,-73.96305459510752,leaf_50,0.3
v436,40.7837731423611,-73.94303435372538,leaf_50,0.3
v437,40.795921379040884,-73.97376604608681,leaf_50,0.3
v438,40.787722523851244,-73.95194660394995,leaf_50,0.3
v439,40.825197288142554,-73.95698932475233,leaf_50,0.3
v440,40.77822074127631,-73.94826583044511,leaf_50,0.3
v441,40.74110024986672,-73.98937474601976,leaf_50,0.3
v442,40.76212411783036,-73.98553199961178,leaf_50,0.3
v443,40.72394204757644,-73.98809625832767,leaf_50,0.3
v444,40.79282777416202,-73.94789636874368,leaf_50,0.3
v445,40.805373343665416,-73.95088318688218,leaf_50,0.3
v446,40.74189584912223,-74.00323102362492,leaf_50,0.3
v447,40.80906105203319,-73.94449035325405,leaf_50,0.3
v448,40.725139018855295,-73.99567688860193,leaf_50,0.3
v449,40.86506569432335,-73.9290194409649,leaf_50,0.3
v450,40.75011246500454,-73.99385317526533,leaf_50,0.3
v451,40.79788218935748,-73.96191885996491,leaf_50,0.3
v452,40.747083197583514,-74.00945737412748,leaf_50,0.3
v453,40.85045461629328,-73.93051492208963,leaf_50,0.3
v454,40.79700646044407,-73.97127248139479,leaf_50,0.3
v455,40.81046244562253,-73.95123515465937,leaf_50,0.3
v456,40.77730480851866,-73.95311277643631,leaf_50,0.3
v457,40.799334261081746,-73.9696016103123,leaf_50,0.3
v458,40.8583062058178,-73.93826820540873,leaf_50,0.3
v459,40.764653897145614,-73.96229380231271,leaf_50,0.3
v460,40.726296567550065,-73.98594346094528,leaf_50,0.3
v461,40.78963516944425,-73.98067166646396,leaf_50,0.3
v462,40.78570173466245,-73.95859391408274,leaf_50,0.3
v463,40.864194397062725,-73.91788459276273,leaf_50,0.3
v464,40.76873072934968,-73.96062265053966,leaf_50,0.3
v465,40.7792049347775,-73.95788722849377,leaf_50,0.3
v466,40.74844976185994,-73.97837607603685,leaf_50,0.3
v467,40.71064699150461,-74.01375391952539,leaf_50,0.3
v468,40.74780062366895,-73.99127261530691,leaf_50,0.3
v469,40.71898475860138,-73.99246627952064,leaf_50,0.3
v470,40.80684712472841,-73.95403842233804,leaf_50,0.3
v471,40.75770574021129,-73.97156687874704,leaf_50,0.3
v472,40.71624009788465,-74.00585788377225,leaf_50,0.3
v473,40.76001631431602,-73.97765433707288,leaf_50,0.3
v474,40.722857654378856,-73.97375433510506,leaf_50,0.3
v475,40.721337995994766,-74.01020682236249,leaf_50,0.3
v476,40.78007141639527,-73.97013936908571,leaf_50,0.3
v477,40.725326371238545,-73.99132494444923,leaf_50,0.3
v478,40.828773231098175,-73.94325246580732,leaf_50,0.3
v479,40.85440853602566,-73.93332925307794,leaf_50,0.3
v480,40.82104967284236,-73.95399218627568,leaf_50,0.3
v481,40.80440465369019,-73.93686586659669,leaf_50,0.3
v482,40.78272607868799,-73.96402982345215,leaf_50,0.3
v483,40.78397609220198,-73.97117781975088,leaf_50,0.3
v484,40.78399846654389,-73.94268083265146,leaf_50,0.3
v485,40.76343009441998,-73.96882486021423,leaf_50,0.3
v486,40.76044222313738,-73.99526470039922,leaf_50,0.3
v487,40.7885080665018,-73.95804037957707,leaf_50,0.3
v488,40.79199266522485,-73.95836854101292,leaf_50,0.3
v489,40.86672298385488,-73.91741720325885,leaf_50,0.3
v490,40.71661271287733,-73.98929897935342,leaf_50,0.3
v491,40.791583683849105,-73.96672117969842,leaf_50,0.3
v492,40.75811802362835,-73.99056737483946,leaf_50,0.3
v493,40.77169361525846,-73.9863191113236,leaf_50,0.3
v494,40.75903298255611,-73.99890386072317,leaf_50,0.3
v495,40.78206679521483,-73.95236583062696,leaf_50,0.3
v496,40.73033918967336,-73.97177532061484,leaf_50,0.3
v497,40.766963084347694,-73.97075349349883,leaf_50,0.3
v498,40.77343035407847,-73.97194760879941,leaf_50,0.3
v499,40.81898785173448,-73.95406894526205,leaf_50,0.3
v500,40.74567873300155,-73.97852371873387,leaf_50,0.3
v501,40.75446903636841,-73.96694804683119,leaf_50,0.3
v502,40.7169076091181,-73.97524990647024,leaf_50,0.3
v503,40.86369976515451,-73.93308920901842,leaf_50,0.3
v504,40.80771524110773,-73.94115278776304,leaf_50,0.3
v505,40.75880064617038,-73.98927112232566,leaf_50,0.3
v506,40.74735334658228,-73.97358515809975,leaf_50,0.3
v507,40.73214258905546,-74.00281403319902,leaf_50,0.3
v508,40.77019325319587,-73.97934994518855,leaf_50,0.3
v509,40.82490157086433,-73.94841614405847,leaf_50,0.3
v510,40.70630578131381,-74.01530187888736,leaf_50,0.3
v511,40.81286734713535,-73.950434248044,leaf_50,0.3
v512,40.71547039490107,-73.993637478623,leaf_50,0.3
v513,40.79699748106245,-73.95203502500827,leaf_50,0.3
v514,40.7668113743433,-73.99692636223206,leaf_50,0.3
v515,40.815491918625575,-73.93703919219134,leaf_50,0.3
v516,40.780862386966845,-73.95040268811442,leaf_50,0.3
v517,40.710461641334646,-74.00840343759977,leaf_50,0.3
v518,40.78382099342808,-73.94731328987301,leaf_50,0.3
v519,40.72015164714843,-73.99262441268664,leaf_50,0.3
v520,40.81006024640499,-73.9524316911089,leaf_50,0.3
v521,40.77750129692309,-73.94662123351371,leaf_50,0.3
v522,40.71254972772567,-74.01545693102095,leaf_50,0.3
v523,40.78214551719134,-73.94999622947593,leaf_50,0.3
v524,40.731617412386115,-74.00851922883078,leaf_50,0.3
v525,40.76608852099515,-73.95881651773011,leaf_50,0.3
v526,40.78809109985016,-73.97271795399294,leaf_50,0.3
v527,40.71303679667334,-74.00946576512997,leaf_50,0.3
v528,40.73494364323246,-73.99785969252142,leaf_50,0.3
v529,40.717610463185835,-73.99824867000237,leaf_50,0.3
v530,40.851397682638904,-73.92812470736408,leaf_50,0.3
v531,40.720212155168305,-73.99664267704604,leaf_50,0.3
v532,40.77203360254047,-73.95762911558208,leaf_50,0.3
v533,40.734612517952094,-73.99387317490842,leaf_50,0.3
v534,40.85046900925383,-73.93462976365946,leaf_50,0.3
v535,40.72635879646128,-73.99956673921014,leaf_50,0.3
v536,40.867057624748846,-73.9281256676453,leaf_50,0.3
v537,40.74916684712877,-73.96949399788318,leaf_50,0.3
v538,40.838950505722174,-73.94295480317152,leaf_50,0.3
v539,40.79211714945835,-73.9522718658092,leaf_50,0.3
v540,40.82568549236689,-73.9456339761134,leaf_50,0.3
v541,40.76177377603418,-73.98194825308134,leaf_50,0.3
v542,40.84744900646207,-73.93879746022236,leaf_50,0.3
v543,40.7545085270087,-73.97207280167956,leaf_50,0.3
v544,40.788092676992946,-73.9380605612945,leaf_50,0.3
v545,40.80001070243142,-73.94142018819527,leaf_50,0.3
v546,40.80697831371586,-73.96268324241217,leaf_50,0.3
v547,40.760323717831454,-73.96995866691371,leaf_50,0.3
v548,40.753144695357584,-73.97520218276273,leaf_50,0.3
v549,40.77241007359499,-73.95652623744196,leaf_50,0.3
v550,40.74047336438247,-74.00565771218368,leaf_50,0.3
v551,40.79520992672975,-73.93547198940361,leaf_50,0.3
v552,40.74261341144737,-74.00745194850782,leaf_50,0.3
v553,40.78682276056018,-73.97686492143659,leaf_50,0.3
v554,40.762258290425336,-73.99538618442914,leaf_50,0.3
v555,40.715526472715936,-74.01648581270733,leaf_50,0.3
v556,40.77374575142044,-73.97541215211194,leaf_50,0.3
v557,40.7601333311306,-73.99186983397017,leaf_50,0.3
v558,40.786089429809415,-73.9717345933389,leaf_50,0.3
v559,40.752708645392985,-74.00186168820362,leaf_50,0.3
v560,40.74729469592466,-73.96831692668376,leaf_50,0.3
v561,40.81540844388498,-73.95695514055808,leaf_50,0.3
v562,40.82523887711051,-73.9496540024966,leaf_50,0.3
v563,40.794086939113186,-73.94637089879052,leaf_50,0.3
v564,40.77651281247244,-73.95879467240749,leaf_50,0.3
v565,40.74355349962833,-73.98985789218113,leaf_50,0.3
v566,40.74647819445656,-73.99171977752333,leaf_50,0.3
v567,40.76545311689743,-73.96123868774734,leaf_50,0.3
v568,40.78034386439228,-73.96315084417886,leaf_50,0.3
v569,40.79080733221442,-73.9789563726298,leaf_50,0.3
v570,40.77697698715828,-73.94951038234906,leaf_50,0.3
v571,40.78298277665929,-73.94578259335712,leaf_50,0.3
v572,40.75981441335321,-73.97770886816852,leaf_50,0.3
v573,40.7802773530859,-73.9567111385985,leaf_50,0.3
v574,40.749483133268434,-73.97749919036985,leaf_50,0.3
v575,40.73914213862425,-73.97569842476243,leaf_50,0.3
v576,40.72172408502258,-74.01130724323038,leaf_50,0.3
v577,40.78478599763211,-73.96858673559842,leaf_50,0.3
v578,40.721480686924124,-73.99475950939369,leaf_50,0.3
v579,40.737004163577474,-73.98922639347549,leaf_50,0.3
v580,40.73414385574534,-73.99722932454084,leaf_50,0.3
v581,40.77789484469313,-73.98595668084933,leaf_50,0.3
v582,40.835615834681924,-73.94126435594467,leaf_50,0.3
v583,40.857903358157444,-73.93454434040648,leaf_50,0.3
v584,40.701901376168195,-74.01155474115077,leaf_50,0.3
v585,40.759726940819,-73.99435028445095,leaf_50,0.3
v586,40.770491974191614,-73.97913688716432,leaf_50,0.3
v587,40.713395770474534,-74.012123674056,leaf_50,0.3
v588,40.77779430189655,-73.98539707377937,leaf_50,0.3
v589,40.76909093039561,-73.97562397931183,leaf_50,0.3
v590,40.84100591237367,-73.93180585315011,leaf_50,0.3
v591,40.85228503355588,-73.93977020485002,leaf_50,0.3
v592,40.71285436546872,-73.98981234101748,leaf_50,0.3
v593,40.70483947123251,-74.00437780111088,leaf_50,0.3
v594,40.7343224043264,-73.98922090985475,leaf_50,0.3
v595,40.736867630461425,-74.00703075196333,leaf_50,0.3
v596,40.73612022693746,-73.9897094363828,leaf_50,0.3
v597,40.7049639475918,-74.00291776387563,leaf_50,0.3
v598,40.86497381634418,-73.91671942256835,leaf_50,0.3
v599,40.82922470747137,-73.93875104423107,leaf_50,0.3
v600,40.7974709044413,-73.97465087247797,leaf_50,0.3
v601,40.775055868189604,-73.97829754494735,leaf_50,0.3
v602,40.717391092880185,-74.01648526547166,leaf_50,0.3
v603,40.72646387813464,-73.9942759368989,leaf_50,0.3
v604,40.72517125282412,-73.9890861906466,leaf_50,0.3
v605,40.728241469790156,-73.99521908287535,leaf_50,0.3
v606,40.73309161564339,-74.00985019557262,leaf_50,0.3
v607,40.84018585924758,-73.93886369286265,leaf_50,0.3
v608,40.75054275806866,-74.00724224663008,leaf_50,0.3
v609,40.74591174427955,-73.98217024320611,leaf_50,0.3
v610,40.83075468097128,-73.94388464830172,leaf_50,0.3
v611,40.77160533258028,-73.95259994272953,leaf_50,0.3
v612,40.71117184583385,-73.99077498849987,leaf_50,0.3
v613,40.86541403252191,-73.93247902737595,leaf_50,0.3
v614,40.79695981308991,-73.92998013317217,leaf_50,0.3
v615,40.7028084443972,-74.01190869205796,leaf_50,0.3
v616,40.789122680640084,-73.94282082761332,leaf_50,0.3
v617,40.79566241403497,-73.93411524647615,leaf_50,0.3
v618,40.70670745031786,-74.00112894476402,leaf_50,0.3
v619,40.770838175531416,-73.99229088216681,leaf_50,0.3
v620,40.71949217772928,-74.0004555389396,leaf_50,0.3
v621,40.7695178967828,-73.97723240126821,leaf_50,0.3
v622,40.808580388482405,-73.93762498586182,leaf_50,0.3
v623,40.77907471285272,-73.95468558319065,leaf_50,0.3
v624,40.813962893386574,-73.93681212907991,leaf_50,0.3
v625,40.8247844822621,-73.94499322036958,leaf_50,0.3
v626,40.759557681991296,-73.96920495623752,leaf_50,0.3
v627,40.86365680789606,-73.9189525439671,leaf_50,0.3
v628,40.80450140897244,-73.94627080021603,leaf_50,0.3
v629,40.771685426644474,-73.97347156697892,leaf_50,0.3
v630,40.770651033660776,-73.96232614005424,leaf_50,0.3
v631,40.72076914215673,-73.99372127448969,leaf_50,0.3
v632,40.76397645623792,-73.98973030008095,leaf_50,0.3
v633,40.78801587949318,-73.96805649394784,leaf_50,0.3
v634,40.866378616446184,-73.9187677294731,leaf_50,0.3
v635,40.875072307554994,-73.92483310483546,leaf_50,0.3
v636,40.733120566113406,-73.99631571508496,leaf_50,0.3
v637,40.709439465484174,-74.0046346665129,leaf_50,0.3
v638,40.734744333962006,-73.99838828141357,leaf_50,0.3
v639,40.72535533881444,-74.00444778579872,leaf_50,0.3
v640,40.7830610056631,-73.9647671003705,leaf_50,0.3
v641,40.735668670503095,-73.98902425204469,leaf_50,0.3
v642,40.761462006908346,-73.99290821307837,leaf_50,0.3
v643,40.85603493963696,-73.93165902541604,leaf_50,0.3
v644,40.72122675783765,-73.98051287937712,leaf_50,0.3
v645,40.81479253764447,-73.95777486693834,leaf_50,0.3
v646,40.7193694953739,-74.00949261224514,leaf_50,0.3
v647,40.73926839135233,-74.00773729433851,leaf_50,0.3
v648,40.836098189302625,-73.94633353725011,leaf_50,0.3
v649,40.78576687242289,-73.97225906190982,leaf_50,0.3
v650,40.786592543671205,-73.97395847909101,leaf_50,0.3
v651,40.82674300445446,-73.93952490175043,leaf_50,0.3
v652,40.86707216706295,-73.91968839059017,leaf_50,0.3
v653,40.790604430943766,-73.95029645713963,leaf_50,0.3
v654,40.84870905907742,-73.9448105642147,leaf_50,0.3
v655,40.74382077676277,-74.00131692870875,leaf_50,0.3
v656,40.7145011267402,-73.9930132425516,leaf_50,0.3
v657,40.78086888322794,-73.95419904948186,leaf_50,0.3
v658,40.752346145904305,-73.96448205152448,leaf_50,0.3
v659,40.851779001751886,-73.94022607563328,leaf_50,0.3
v660,40.756450197940985,-74.0028895651912,leaf_50,0.3
v661,40.808037478041136,-73.9530784903143,leaf_50,0.3
v662,40.770276845897534,-73.98168162353672,leaf_50,0.3
v663,40.757232616791825,-73.9682347261937,leaf_50,0.3
v664,40.79914682118151,-73.93939467489976,leaf_50,0.3
v665,40.72154722540942,-74.0022391530365,leaf_50,0.3
v666,40.785181545481635,-73.96534258368963,leaf_50,0.3
v667,40.74400659935922,-73.97879534614724,leaf_50,0.3
v668,40.80115999748754,-73.93590504102505,leaf_50,0.3
v669,40.77647198823395,-73.99152608756592,leaf_50,0.3
v670,40.74463625487262,-73.97745359437613,leaf_50,0.3
v671,40.762662010379046,-73.9681459363452,leaf_50,0.3
v672,40.87135589704644,-73.91823652564806,leaf_50,0.3
v673,40.784191697517606,-73.98321257320909,leaf_50,0.3
v674,40.727206872301316,-73.99614503530968,leaf_50,0.3
v675,40.76690421383493,-73.97523288426204,leaf_50,0.3
v676,40.84215413792023,-73.93390010134698,leaf_50,0.3
v677,40.751709982982646,-73.97981372589321,leaf_50,0.3
v678,40.82099572292362,-73.93893650703525,leaf_50,0.3
v679,40.75111657185863,-73.9729454610561,leaf_50,0.3
v680,40.84766925377141,-73.92816436239951,leaf_50,0.3
v681,40.80142274965469,-73.96679067564368,leaf_50,0.3
v682,40.71944889769768,-74.00968907486188,leaf_50,0.3
v683,40.87199893050375,-73.92750024110487,leaf_50,0.3
v684,40.7087157927796,-74.00801000685937,leaf_50,0.3
v685,40.813731554631076,-73.96138898959961,leaf_50,0.3
v686,40.84225625019553,-73.93354139844865,leaf_50,0.3
v687,40.836936455331724,-73.93686420959736,leaf_50,0.3
v688,40.74380124468569,-74.0037369008992,leaf_50,0.3
v689,40.782391450229284,-73.97647974882227,leaf_50,0.3
v690,40.755061260445714,-74.00775841069078,leaf_50,0.3
v691,40.773080300715456,-73.94702593704315,leaf_50,0.3
v692,40.82274371598608,-73.94282775862625,leaf_50,0.3
v693,40.71410717860762,-73.99134546679302,leaf_50,0.3
v694,40.72086071047149,-73.98778206066581,leaf_50,0.3
v695,40.732022623774974,-73.98763365316937,leaf_50,0.3
v696,40.785316852953066,-73.94702727934964,leaf_50,0.3
v697,40.731484094916055,-73.9972679097278,leaf_50,0.3
v698,40.722873983777674,-74.00020246398402,leaf_50,0.3
v699,40.78068441642766,-73.9587872385044,leaf_50,0.3
v700,40.874329286817726,-73.92695067806079,leaf_50,0.3
v701,40.73483833595903,-74.01023143723053,leaf_50,0.3
v702,40.77457457301435,-73.98042008868484,leaf_50,0.3
v703,40.73026536274744,-73.99929684356186,leaf_50,0.3
v704,40.73375830176274,-74.00914060927978,leaf_50,0.3
v705,40.770035602952845,-73.99260264476378,leaf_50,0.3
v706,40.87500803184767,-73.92025132910567,leaf_50,0.3
v707,40.805631056033604,-73.95740238034617,leaf_50,0.3
v708,40.75687472021025,-73.96778399546513,leaf_50,0.3
v709,40.7902274577742,-73.94274447927071,leaf_50,0.3
v710,40.78384268836999,-73.97584949810332,leaf_50,0.3
v711,40.86698702401284,-73.92991814148886,leaf_50,0.3
v712,40.808914042259254,-73.94566545452757,leaf_50,0.3
v713,40.80685813275143,-73.9611230544109,leaf_50,0.3
v714,40.8635398186633,-73.92630329298069,leaf_50,0.3
v715,40.823476411384455,-73.94544299675896,leaf_50,0.3
v716,40.870799907562166,-73.92555305065679,leaf_50,0.3
v717,40.718224422490664,-73.99691976359681,leaf_50,0.3
v718,40.82442054080376,-73.94649160676423,leaf_50,0.3
v719,40.71198807529011,-74.01542833547659,leaf_50,0.3
v720,40.72124028452426,-73.98742279373441,leaf_50,0.3
v721,40.801111476309906,-73.94005066398114,leaf_50,0.3
v722,40.76891604241416,-73.95370113944134,leaf_50,0.3
v723,40.7968142092357,-73.94734369154845,leaf_50,0.3
v724,40.753995163937276,-74.00756011603087,leaf_50,0.3
v725,40.770528307027654,-73.99490679272559,leaf_50,0.3
v726,40.74198591844386,-73.97713184833431,leaf_50,0.3
v727,40.806959160807516,-73.96828620830762,leaf_50,0.3
v728,40.7827349001574,-73.96226313347125,leaf_50,0.3
v729,40.76883583508441,-73.97679380564013,leaf_50,0.3
v730,40.74485733148843,-73.99294130423472,leaf_50,0.3
v731,40.790222472415834,-73.94640373760586,leaf_50,0.3
v732,40.74612414042678,-74.00844595934116,leaf_50,0.3
v733,40.74484270351709,-73.98522299189096,leaf_50,0.3
v734,40.78007616937475,-73.96048071994092,leaf_50,0.3
v735,40.80887459052931,-73.96503072469469,leaf_50,0.3
v736,40.73943259150162,-73.99232863570121,leaf_50,0.3
v737,40.73690593765154,-73.98915391869946,leaf_50,0.3
v738,40.74780843823671,-73.97900617929392,leaf_50,0.3
v739,40.78981443888334,-73.97430256155685,leaf_50,0.3
v740,40.82412694920044,-73.93810004421806,leaf_50,0.3
v741,40.81181474545829,-73.95634160113472,leaf_50,0.3
v742,40.77472581219726,-73.94574689314868,leaf_50,0.3
v743,40.79150867358172,-73.93661729964276,leaf_50,0.3
v744,40.78498979518027,-73.95580648516612,leaf_50,0.3
v745,40.717223407610106,-73.98438452034448,leaf_50,0.3
v746,40.821419638096955,-73.9450391613418,leaf_50,0.3
v747,40.758842193576236,-73.99627511167218,leaf_50,0.3
v748,40.74499486381901,-73.99383891031353,leaf_50,0.3
v749,40.7465909670263,-73.97842206657683,leaf_50,0.3
v750,40.80444625189831,-73.96592725569444,leaf_50,0.3
v751,40.73197306036343,-74.00932550116852,leaf_50,0.3
v752,40.86763781610171,-73.91404284238985,leaf_50,0.3
v753,40.796474061018756,-73.9366568912904,leaf_50,0.3
v754,40.80231253693433,-73.94447530338032,leaf_50,0.3
v755,40.79215857720281,-73.95418446466984,leaf_50,0.3
v756,40.72468171169301,-73.99094413231927,leaf_50,0.3
v757,40.81933365081672,-73.94573400532764,leaf_50,0.3
v758,40.788824723002506,-73.94705575408884,leaf_50,0.3
v759,40.825289434623,-73.94254405081125,leaf_50,0.3
v760,40.78579846836402,-73.98339412455036,leaf_50,0.3
v761,40.85686249271465,-73.93857574335496,leaf_50,0.3
v762,40.847399035032176,-73.93806402418268,leaf_50,0.3
v763,40.75080743148144,-74.00119372704211,leaf_50,0.3
v764,40.72426355303613,-74.00832107108072,leaf_50,0.3
v765,40.709986620265354,-74.0015141111916,leaf_50,0.3
v766,40.78112253705928,-73.96401765329391,leaf_50,0.3
v767,40.74187631488014,-73.97976650432005,leaf_50,0.3
v768,40.77880632347736,-73.9761775855011,leaf_50,0.3
v769,40.75832845725357,-73.96359673980662,leaf_50,0.3
v770,40.76249738982007,-73.9541592006335,leaf_50,0.3
v771,40.87248031773696,-73.9195051119085,leaf_50,0.3
v772,40.80910739338087,-73.9468036353112,leaf_50,0.3
v773,40.79858276465818,-73.93566307820285,leaf_50,0.3
v774,40.80887035830327,-73.93832325361508,leaf_50,0.3
v775,40.84223881485807,-73.94436238346388,leaf_50,0.3
v776,40.7155580227659,-73.99381551286642,leaf_50,0.3
v777,40.74633630155367,-73.97156774988585,leaf_50,0.3
v778,40.78822283897001,-73.96005262559584,leaf_50,0.3
v779,40.757930811230196,-73.98009421702695,leaf_50,0.3
v780,40.850846402757064,-73.93989026310815,leaf_50,0.3
v781,40.781633599929506,-73.94577455773769,leaf_50,0.3
v782,40.724785866523504,-74.00498653199784,leaf_50,0.3
v783,40.80171905924591,-73.92966138857027,leaf_50,0.3
v784,40.75223094721982,-73.98792114475309,leaf_50,0.3
v785,40.73982852599262,-73.97996724204496,leaf_50,0.3
v786,40.85020771958055,-73.94272334277707,leaf_50,0.3
v787,40.85375828586786,-73.93456761382058,leaf_50,0.3
v788,40.73575677754508,-73.99629485819563,leaf_50,0.3
v789,40.74053193109322,-74.00888540409068,leaf_50,0.3
v790,40.796576863107354,-73.97462852230055,leaf_50,0.3
v791,40.794971079688644,-73.96923843435137,leaf_50,0.3
v792,40.747946969090336,-73.98415288362226,leaf_50,0.3
v793,40.733894446693306,-73.98509976120745,leaf_50,0.3
v794,40.872076376588524,-73.92749067221759,leaf_50,0.3
v795,40.78250576481569,-73.95296340287229,leaf_50,0.3
v796,40.77437207971081,-73.97391329953864,leaf_50,0.3
v797,40.87474472589341,-73.9252523357198,leaf_50,0.3
v798,40.732955330794645,-73.97621204791989,leaf_50,0.3
v799,40.82460082497463,-73.93710575738798,leaf_50,0.3
v800,40.87526428559356,-73.9228259656404,leaf_50,0.3
v801,40.70705547862973,-74.01295647838496,leaf_50,0.3
v802,40.778826967587605,-73.97311908083262,leaf_50,0.3
v803,40.727728171861344,-73.9808729433108,leaf_50,0.3
v804,40.7259843978037,-74.00030035636867,leaf_50,0.3
v805,40.79404357365771,-73.96529273806793,leaf_50,0.3
v806,40.71684033584212,-74.01408134848175,leaf_50,0.3
v807,40.76795929564529,-73.99268949319023,leaf_50,0.3
v808,40.79605422210164,-73.945765612172,leaf_50,0.3
v809,40.817945071960885,-73.95815905626073,leaf_50,0.3
v810,40.7211517922266,-73.99040633398275,leaf_50,0.3
v811,40.82147570723443,-73.94930310822166,leaf_50,0.3
v812,40.76474468018061,-73.96752773443917,leaf_50,0.3
v813,40.798758948017735,-73.94324606625537,leaf_50,0.3
v814,40.71139596777529,-73.98562775310216,leaf_50,0.3
v815,40.82692906654084,-73.93920078443207,leaf_50,0.3
v816,40.73172914512172,-74.003564885972,leaf_50,0.3
v817,40.822472330246576,-73.9350435537329,leaf_50,0.3
v818,40.7525632727615,-73.97389408600108,leaf_50,0.3
v819,40.7288445403165,-74.0005380606862,leaf_50,0.3
v820,40.76552735859981,-73.9679513349247,leaf_50,0.3
v821,40.7254006156601,-73.98516621070398,leaf_50,0.3
v822,40.790338358140666,-73.97575308454965,leaf_50,0.3
v823,40.773295500559406,-73.96319009010448,leaf_50,0.3
v824,40.76634436857119,-73.98255773472965,leaf_50,0.3
v825,40.73062203029178,-73.98784691312369,leaf_50,0.3
v826,40.72931980649358,-74.00912664406358,leaf_50,0.3
v827,40.753971909309605,-74.00104422234841,leaf_50,0.3
v828,40.79426259859069,-73.95769427268631,leaf_50,0.3
v829,40.76197977405236,-73.96225897885053,leaf_50,0.3
v830,40.824398001643736,-73.94878425717322,leaf_50,0.3
v831,40.81457934429539,-73.95507369599932,leaf_50,0.3
v832,40.817152618987464,-73.94188882014157,leaf_50,0.3
v833,40.805336172605166,-73.94186135452568,leaf_50,0.3
v834,40.79368673770095,-73.93881129366694,leaf_50,0.3
v835,40.723744500385216,-73.98514499391266,leaf_50,0.3
v836,40.77460303682232,-73.95524990746405,leaf_50,0.3
v837,40.85723519347892,-73.92830276145685,leaf_50,0.3
v838,40.71402256994637,-74.0046726747901,leaf_50,0.3
v839,40.787883586931336,-73.94359765418552,leaf_50,0.3
v840,40.71262322978541,-74.01304692173073,leaf_50,0.3
v841,40.76981438177833,-73.95643235059043,leaf_50,0.3
v842,40.75398082327119,-73.97535332933577,leaf_50,0.3
v843,40.83996451164103,-73.94457525565538,leaf_50,0.3
v844,40.79631371254374,-73.94702468828235,leaf_50,0.3
v845,40.852596015248444,-73.93416061541313,leaf_50,0.3
v846,40.807972806760084,-73.96270300759939,leaf_50,0.3
v847,40.78844462423644,-73.95637685400763,leaf_50,0.3
v848,40.815239014813834,-73.95809827144305,leaf_50,0.3
v849,40.80610973625307,-73.96860930092073,leaf_50,0.3
v850,40.71633533468173,-73.98588362637284,leaf_50,0.3
v851,40.74651920212178,-74.00100554145716,leaf_50,0.3
v852,40.84163034592074,-73.94518927683423,leaf_50,0.3
v853,40.73439300532189,-73.99429493783117,leaf_50,0.3
v854,40.76422941268701,-73.99746743895784,leaf_50,0.3
v855,40.84325172452442,-73.93964357610005,leaf_50,0.3
v856,40.80352777077233,-73.94228561708091,leaf_50,0.3
v857,40.7407537677704,-73.9944829928593,leaf_50,0.3
v858,40.78675236504883,-73.9492928758059,leaf_50,0.3
v859,40.771442433041805,-73.95811193030833,leaf_50,0.3
v860,40.76556690239636,-73.97450665866312,leaf_50,0.3
v861,40.72249533652153,-74.008737364601,leaf_50,0.3
v862,40.752762956466135,-73.96503483501037,leaf_50,0.3
v863,40.85786572521483,-73.92343010436471,leaf_50,0.3
v864,40.739603889003696,-74.00418841693926,leaf_50,0.3
v865,40.70928587986358,-74.00320089588979,leaf_50,0.3
v866,40.81868563215998,-73.93703614897592,leaf_50,0.3
v867,40.85240279338528,-73.93533506538576,leaf_50,0.3
v868,40.77407231342366,-73.9606731182236,leaf_50,0.3
v869,40.74692783311184,-73.98478682412285,leaf_50,0.3
v870,40.80882323955544,-73.9455994988407,leaf_50,0.3
v871,40.83527150228928,-73.94202627259963,leaf_50,0.3
v872,40.72265161116182,-74.00016250126448,leaf_50,0.3
v873,40.75712873216096,-73.98496179598912,leaf_50,0.3
v874,40.7602517078188,-73.97750125576796,leaf_50,0.3
v875,40.816603955994154,-73.93902485330604,leaf_50,0.3
v876,40.796338498647025,-73.9512976567629,leaf_50,0.3
v877,40.73152122818061,-73.98309195631961,leaf_50,0.3
v878,40.771065467796625,-73.9727295459952,leaf_50,0.3
v879,40.78469034068183,-73.98359426626249,leaf_50,0.3
v880,40.80227516734682,-73.943561897702,leaf_50,0.3
v881,40.77109641935326,-73.96296761428853,leaf_50,0.3
v882,40.86133900401963,-73.91904003513079,leaf_50,0.3
v883,40.79828139054857,-73.9336529290079,leaf_50,0.3
v884,40.786337773640255,-73.94141539218617,leaf_50,0.3
v885,40.74693518209502,-74.00299988320693,leaf_50,0.3
v886,40.73379779235266,-73.9815467978971,leaf_50,0.3
v887,40.79565137689644,-73.935982215159,leaf_50,0.3
v888,40.82207701898355,-73.95711883896898,leaf_50,0.3
v889,40.83819214159352,-73.94477609735075,leaf_50,0.3
v890,40.74885039501671,-73.99007843699178,leaf_50,0.3
v891,40.79062142400047,-73.97239803854161,leaf_50,0.3
v892,40.72813551831507,-73.97491402712242,leaf_50,0.3
v893,40.81707187003562,-73.95446373790688,leaf_50,0.3
v894,40.73797860772244,-73.99592703849447,leaf_50,0.3
v895,40.872381955709635,-73.92877842684399,leaf_50,0.3
v896,40.75556682467242,-73.96338372121023,leaf_50,0.3
v897,40.78539378177837,-73.95194440640974,leaf_50,0.3
v898,40.7465155809051,-73.97750195850477,leaf_50,0.3
v899,40.77830026550899,-73.95855779497758,leaf_50,0.3
v900,40.81516970378509,-73.9407444942976,leaf_50,0.3
v901,40.83821755857899,-73.94700874623118,leaf_50,0.3
v902,40.76931292259844,-73.99423467773634,leaf_50,0.3
v903,40.802163303327276,-73.94718051672506,leaf_50,0.3
v904,40.8647264314478,-73.92375269284146,leaf_50,0.3
v905,40.7345281960727,-73.99442501503496,leaf_50,0.3
v906,40.75144570419042,-73.9918714260786,leaf_50,0.3
v907,40.71113093059162,-73.98574206153812,leaf_50,0.3
v908,40.822471682432734,-73.95014128049944,leaf_50,0.3
v909,40.81997441609887,-73.95381327362654,leaf_50,0.3
v910,40.78145779591359,-73.96818899808413,leaf_50,0.3
v911,40.73098858839667,-74.00557519737727,leaf_50,0.3
v912,40.87027977428203,-73.92566467394988,leaf_50,0.3
v913,40.81910549343275,-73.9377832623657,leaf_50,0.3
v914,40.77914807013629,-73.97637197572884,leaf_50,0.3
v915,40.78016626044052,-73.97721712298996,leaf_50,0.3
v916,40.74976246955144,-73.98685089136625,leaf_50,0.3
v917,40.876244237443245,-73.92255029419404,leaf_50,0.3
v918,40.745963574104,-74.00386615005169,leaf_50,0.3
v919,40.76707652614112,-73.9650965178034,leaf_50,0.3
v920,40.79821809817243,-73.93371297554172,leaf_50,0.3
v921,40.77437779448447,-73.96250782950561,leaf_50,0.3
v922,40.72185910085306,-73.97792471972313,leaf_50,0.3
v923,40.74112418563472,-73.98193308583411,leaf_50,0.3
v924,40.74706037801458,-73.99810686738819,leaf_50,0.3
v925,40.73900314758646,-73.99224936306705,leaf_50,0.3
v926,40.84375464146309,-73.94626481959571,leaf_50,0.3
v927,40.71156568894031,-73.98931907970304,leaf_50,0.3
v928,40.76811647754211,-73.96139163241644,leaf_50,0.3
v929,40.73952418878654,-74.00428507787667,leaf_50,0.3
v930,40.747513629171834,-74.00100116148933,leaf_50,0.3
v931,40.75986284127943,-73.99644640941564,leaf_50,0.3
v932,40.74695631981464,-74.00675687825523,leaf_50,0.3
v933,40.76817885162179,-73.96596318739383,leaf_50,0.3
v934,40.844235171942536,-73.94270713104137,leaf_50,0.3
v935,40.77398772447924,-73.96670036305056,leaf_50,0.3
v936,40.80596433847835,-73.93593215208436,leaf_50,0.3
v937,40.77589739352562,-73.94778330793872,leaf_50,0.3
v938,40.709439825620365,-74.00773322593915,leaf_50,0.3
v939,40.764304310097,-73.9732965427691,leaf_50,0.3
v940,40.84564549506009,-73.93377060208981,leaf_50,0.3
v941,40.804702609821774,-73.94306145927088,leaf_50,0.3
v942,40.79622059428227,-73.96262278031458,leaf_50,0.3
v943,40.70889108584142,-74.01457560975722,leaf_50,0.3
v944,40.78632482160492,-73.956057791534,leaf_50,0.3
v945,40.82374287793773,-73.94499702202604,leaf_50,0.3
v946,40.79595616132313,-73.93844207945256,leaf_50,0.3
v947,40.776089030124524,-73.98829576362913,leaf_50,0.3
v948,40.82353318966078,-73.94620758108044,leaf_50,0.3
v949,40.82614199670323,-73.94297667290935,leaf_50,0.3
v950,40.72981159988624,-74.00011471048587,leaf_50,0.3
v951,40.773326835239175,-73.95972038089462,leaf_50,0.3
v952,40.847263499862414,-73.9382276587916,leaf_50,0.3
v953,40.707374108846416,-74.0069219242689,leaf_50,0.3
v954,40.784655043778166,-73.97575004465195,leaf_50,0.3
v955,40.82958303682555,-73.94847727404903,leaf_50,0.3
v956,40.761984526714016,-73.99979431700397,leaf_50,0.3
v957,40.73789983790636,-74.00818208518206,leaf_50,0.3
v958,40.767883700748776,-73.95223198790309,leaf_50,0.3
v959,40.79090581297736,-73.95517909991788,leaf_50,0.3
v960,40.844488122656536,-73.94451114668693,leaf_50,0.3
v961,40.86484145621652,-73.92961761318955,leaf_50,0.3
v962,40.72680849328127,-73.9806873232912,leaf_50,0.3
v963,40.803642028887836,-73.94957351256933,leaf_50,0.3
v964,40.825157974940666,-73.94603245261267,leaf_50,0.3
v965,40.778301006559595,-73.95968161957153,leaf_50,0.3
v966,40.86565754003828,-73.91420585942875,leaf_50,0.3
v967,40.71629155888363,-73.97809409941452,leaf_50,0.3
v968,40.797099583556445,-73.97125112026443,leaf_50,0.3
v969,40.75282941203352,-73.98688380706412,leaf_50,0.3
v970,40.752486126439585,-74.00834270100468,leaf_50,0.3
v971,40.7657661578167,-73.99139852224219,leaf_50,0.3
v972,40.759018345100166,-73.96689987015992,leaf_50,0.3
v973,40.864822340096225,-73.92508855441514,leaf_50,0.3
v974,40.73025709610617,-73.97310685130384,leaf_50,0.3
v975,40.8022025014317,-73.94136663727721,leaf_50,0.3
v976,40.78603414470784,-73.95856304320593,leaf_50,0.3
v977,40.75214756169378,-73.96900451857759,leaf_50,0.3
v978,40.72512568143861,-73.99787161559243,leaf_50,0.3
v979,40.860923567660315,-73.93183266205742,leaf_50,0.3
v980,40.79174148045797,-73.97920520023871,leaf_50,0.3
v981,40.85806581791234,-73.92724618351147,leaf_50,0.3
v982,40.84972764124242,-73.943073861128,leaf_50,0.3
v983,40.85540573373832,-73.940827581019,leaf_50,0.3
v984,40.71879330158184,-74.01056100339129,leaf_50,0.3
v985,40.818319721197724,-73.93454778604594,leaf_50,0.3
v986,40.81953482589606,-73.94165508206324,leaf_50,0.3
v987,40.71276709720074,-73.99785810904692,leaf_50,0.3
v988,40.841433136771144,-73.94158079139355,leaf_50,0.3
v989,40.717056610464304,-73.98228914823945,leaf_50,0.3
v990,40.811291560702045,-73.95311636069822,leaf_50,0.3
v991,40.712039669576406,-73.97634461388107,leaf_50,0.3
v992,40.75048480773787,-74.00030114966734,leaf_50,0.3
v993,40.82479701371187,-73.94741846969369,leaf_50,0.3
v994,40.744958550904826,-74.00255981929989,leaf_50,0.3
v995,40.82392147403165,-73.95420910638366,leaf_50,0.3
v996,40.81616121616424,-73.959958408316,leaf_50,0.3
v997,40.752503689190036,-73.97581992390084,leaf_50,0.3
v998,40.80330436600103,-73.9416961385093,leaf_50,0.3
v999,40.75380539750063,-73.98128715437032,leaf_50,0.3
v1000,40.857387055986415,-73.92518798280173,leaf_50,0.3
v1001,40.759356191446855,-74.00545104557312,leaf_50,0.3
v1002,40.83993955752528,-73.94464306429512,leaf_50,0.3
v1003,40.716492996235566,-73.99967613971278,leaf_50,0.3
v1004,40.72915886640284,-73.98809512647522,leaf_50,0.3
v1005,40.800681907862945,-73.9584605804757,leaf_50,0.3
v1006,40.74617684272268,-73.99601303649253,leaf_50,0.3
v1007,40.71134112306839,-73.99362464009774,leaf_50,0.3
v1008,40.797021978940705,-73.97270339373426,leaf_50,0.3
v1009,40.78495665225395,-73.96050083696217,leaf_50,0.3
v1010,40.784784527044664,-73.94530221531754,leaf_50,0.3
v1011,40.71510990248231,-73.99584924943827,leaf_50,0.3
v1012,40.754457646155124,-73.96335325807951,leaf_50,0.3
v1013,40.7203747075106,-74.01218903513188,leaf_50,0.3
v1014,40.75143061725014,-73.97673903348529,leaf_50,0.3
v1015,40.7290427380857,-73.98355630317398,leaf_50,0.3
v1016,40.75788598917359,-74.00196654468206,leaf_50,0.3
v1017,40.78933159189401,-73.95521832463213,leaf_50,0.3
v1018,40.71429169103244,-73.99476952508078,leaf_50,0.3
v1019,40.79815028617317,-73.9657267927699,leaf_50,0.3
v1020,40.76453130204641,-73.99855917086306,leaf_50,0.3
v1021,40.7689168463698,-73.97263967852506,leaf_50,0.3
v1022,40.713588145732174,-74.00761089135794,leaf_50,0.3
v1023,40.76177664815494,-73.98954402915759,leaf_50,0.3
v1024,40.75905785805788,-73.96485442007248,leaf_50,0.3
v1025,40.83230355436684,-73.9480130242325,leaf_50,0.3
v1026,40.73998711154861,-73.98921250760826,leaf_50,0.3
v1027,40.79080194782181,-73.9475188257076,leaf_50,0.3
v1028,40.7872295285215,-73.97693699330932,leaf_50,0.3
v1029,40.745686824566974,-73.99816498196637,leaf_50,0.3
v1030,40.81441972036298,-73.9344241058598,leaf_50,0.3
v1031,40.80621395891101,-73.95406399928828,leaf_50,0.3
v1032,40.709627140943965,-73.99461082218573,leaf_50,0.3
v1033,40.74503694968417,-73.99285478418015,leaf_50,0.3
v1034,40.82316612543618,-73.9564922148709,leaf_50,0.3
v1035,40.72766998338299,-73.97931772253477,leaf_50,0.3
v1036,40.80922880375508,-73.94572125928178,leaf_50,0.3
v1037,40.73779961137294,-74.00535217593296,leaf_50,0.3
v1038,40.80891115973005,-73.94548417266599,leaf_50,0.3
v1039,40.77555444354678,-73.98610840813201,leaf_50,0.3
v1040,40.71307069511987,-73.97725143611152,leaf_50,0.3
v1041,40.77705919685146,-73.9533592863827,leaf_50,0.3
v1042,40.82828512355415,-73.93955886256862,leaf_50,0.3
v1043,40.764859828665635,-73.99525774814761,leaf_50,0.3
v1044,40.8684107708416,-73.93007863986246,leaf_50,0.3
v1045,40.74121838540945,-73.9963915950321,leaf_50,0.3
v1046,40.71490480380329,-73.99119599471221,leaf_50,0.3
v1047,40.80361379741844,-73.96159098472114,leaf_50,0.3
v1048,40.81903090811223,-73.94029859418006,leaf_50,0.3
v1049,40.83136557551861,-73.95107089123265,leaf_50,0.3
v1050,40.80557868776588,-73.94028394671832,leaf_50,0.3
v1051,40.716092867837695,-74.00673747615042,leaf_50,0.3
v1052,40.83638987359203,-73.94783871018602,leaf_50,0.3
v1053,40.712746021016315,-73.9815719251472,leaf_50,0.3
v1054,40.74082784123766,-74.01018855439234,leaf_50,0.3
v1055,40.86226203124578,-73.9314208138107,leaf_50,0.3
v1056,40.86102440906653,-73.93647082235056,leaf_50,0.3
v1057,40.81075527643922,-73.94719800500793,leaf_50,0.3
v1058,40.74048496122292,-73.9810596590267,leaf_50,0.3
v1059,40.7718486540074,-73.95157306968909,leaf_50,0.3
v1060,40.723565497800216,-73.99403088263406,leaf_50,0.3
v1061,40.78601643566626,-73.96239014322767,leaf_50,0.3
v1062,40.78562516520846,-73.9832437165903,leaf_50,0.3
v1063,40.76502645291421,-73.96478612568694,leaf_50,0.3
v1064,40.8035158217329,-73.94707627284188,leaf_50,0.3
v1065,40.73707833965313,-73.9927475707315,leaf_50,0.3
v1066,40.8027303537272,-73.95078776850734,leaf_50,0.3
v1067,40.73460425161999,-73.97793553976966,leaf_50,0.3
v1068,40.826094985732794,-73.94039380997566,leaf_50,0.3
v1069,40.77987747896686,-73.97419642196581,leaf_50,0.3
v1070,40.77286349037727,-73.98068407453356,leaf_50,0.3
v1071,40.73525450085978,-74.01079690261192,leaf_50,0.3
v1072,40.801012770691614,-73.94202069040192,leaf_50,0.3
v1073,40.762811108624064,-73.97750126474851,leaf_50,0.3
v1074,40.85566810894086,-73.92889981486759,leaf_50,0.3
v1075,40.863753429578885,-73.92026336750165,leaf_50,0.3
v1076,40.820644851679106,-73.95643865723298,leaf_50,0.3
v1077,40.81929849665964,-73.94502655741202,leaf_50,0.3
v1078,40.71499759473159,-73.99658057450031,leaf_50,0.3
v1079,40.739865061567876,-73.98859635107087,leaf_50,0.3
v1080,40.87445404167746,-73.92485969806548,leaf_50,0.3
v1081,40.77441552621643,-73.97258525542722,leaf_50,0.3
v1082,40.76471746328873,-73.9708347136875,leaf_50,0.3
v1083,40.76883482752196,-73.96622582391225,leaf_50,0.3
v1084,40.7481910933863,-73.98367576314536,leaf_50,0.3
v1085,40.74973286194998,-73.97595526372105,leaf_50,0.3
v1086,40.70557410662395,-74.01473039134875,leaf_50,0.3
v1087,40.74926214788852,-73.97425847089673,leaf_50,0.3
v1088,40.85509911350228,-73.93348063782948,leaf_50,0.3
v1089,40.77038069525377,-73.96636692753518,leaf_50,0.3
v1090,40.821722684814766,-73.93712710248653,leaf_50,0.3
v1091,40.79748530858107,-73.95773126215096,leaf_50,0.3
v1092,40.85312109066122,-73.93356783218782,leaf_50,0.3
v1093,40.7894845662667,-73.95035955972367,leaf_50,0.3
v1094,40.79110676215873,-73.93868150281737,leaf_50,0.3
v1095,40.74710773324521,-73.99238094864745,leaf_50,0.3
v1096,40.80829394528319,-73.95791126323178,leaf_50,0.3
v1097,40.81028841782278,-73.96149317452387,leaf_50,0.3
v1098,40.818007290594004,-73.94165910122344,leaf_50,0.3
v1099,40.78005577727619,-73.97473407813821,leaf_50,0.3
v1100,40.792512023559944,-73.95336747757906,leaf_50,0.3
v1101,40.71263764661788,-74.01138899468204,leaf_50,0.3
v1102,40.81118621805803,-73.95330598012106,leaf_50,0.3
v1103,40.78181331867489,-73.97733134492279,leaf_50,0.3
v1104,40.76458702840432,-73.97939935997991,leaf_50,0.3
v1105,40.75604228015251,-74.00428381817783,leaf_50,0.3
v1106,40.80502482614241,-73.95382452458998,leaf_50,0.3
v1107,40.70993144245591,-73.9953210639959,leaf_50,0.3
v1108,40.75704146382861,-73.96387141201458,leaf_50,0.3
v1109,40.71825017609467,-73.98573417977573,leaf_50,0.3
v1110,40.81244677670337,-73.94682560069684,leaf_50,0.3
v1111,40.765421841334074,-73.9621175462556,leaf_50,0.3
v1112,40.785393299284415,-73.94068615994637,leaf_50,0.3
v1113,40.77070543358485,-73.97034966774426,leaf_50,0.3
v1114,40.772751312127895,-73.98312684042438,leaf_50,0.3
v1115,40.80893920935645,-73.94587882776896,leaf_50,0.3
v1116,40.82425363417003,-73.9536157190381,leaf_50,0.3
v1117,40.72379408808187,-74.00093727288665,leaf_50,0.3
v1118,40.7405926827347,-73.98563043100448,leaf_50,0.3
v1119,40.818379369599036,-73.96124391636377,leaf_50,0.3
v1120,40.75826616558121,-73.99619623687215,leaf_50,0.3
v1121,40.72963736180419,-73.98521991345339,leaf_50,0.3
v1122,40.8625059695018,-73.92424391411282,leaf_50,0.3
v1123,40.780770243578154,-73.94894439277722,leaf_50,0.3
v1124,40.75793121429512,-73.9780784724203,leaf_50,0.3
v1125,40.85614229572877,-73.92993715532388,leaf_50,0.3
v1126,40.85176654235022,-73.92760097662213,leaf_50,0.3
v1127,40.793897950336515,-73.94507087268171,leaf_50,0.3
v1128,40.77718572192427,-73.95814016046027,leaf_50,0.3
v1129,40.75622494905471,-73.98930727085663,leaf_50,0.3
v1130,40.81520910512567,-73.95546662306884,leaf_50,0.3
v1131,40.80162590446393,-73.95488662897478,leaf_50,0.3
v1132,40.818971912733176,-73.94019636043811,leaf_50,0.3
v1133,40.75819685198117,-73.98822391251673,leaf_50,0.3
v1134,40.8092612192613,-73.96125350908656,leaf_50,0.3
v1135,40.81829069229461,-73.93738348322613,leaf_50,0.3
v1136,40.81701221489424,-73.93469163753927,leaf_50,0.3
v1137,40.75235442161301,-73.97706834227448,leaf_50,0.3
v1138,40.75901361691883,-73.99222522325951,leaf_50,0.3
v1139,40.7441957556605,-73.98235268271975,leaf_50,0.3
v1140,40.72064476178164,-73.97523960858817,leaf_50,0.3
v1141,40.7902004259356,-73.94404860384728,leaf_50,0.3
v1142,40.81798011526074,-73.93745910238553,leaf_50,0.3
v1143,40.772340412961015,-73.97777951800032,leaf_50,0.3
v1144,40.86503510952667,-73.91732217445585,leaf_50,0.3
v1145,40.71535898476318,-73.99944431540784,leaf_50,0.3
v1146,40.79959697839375,-73.97216652645214,leaf_50,0.3
v1147,40.82069468669604,-73.9505291124937,leaf_50,0.3
v1148,40.75144488871999,-73.97191618637433,leaf_50,0.3
v1149,40.85769556470159,-73.92957098980516,leaf_50,0.3
v1150,40.728832243053176,-74.00184111528817,leaf_50,0.3
v1151,40.81840191043921,-73.94132428820821,leaf_50,0.3
v1152,40.78202388834566,-73.96232302945299,leaf_50,0.3
v1153,40.77665805891178,-73.96775291921996,leaf_50,0.3
v1154,40.742928817899525,-73.9867389036077,leaf_50,0.3
v1155,40.72992018593779,-73.99014581614368,leaf_50,0.3
v1156,40.75235367066448,-73.97423536230329,leaf_50,0.3
v1157,40.81203286316108,-73.95828058251999,leaf_50,0.3
v1158,40.82672618325007,-73.95578590231364,leaf_50,0.3
v1159,40.75583348265152,-73.96292601889975,leaf_50,0.3
v1160,40.81480303349317,-73.93451369347738,leaf_50,0.3
v1161,40.802761177258034,-73.93166236194268,leaf_50,0.3
v1162,40.794580234836396,-73.95360327523589,leaf_50,0.3
v1163,40.744004969789174,-74.00701424002855,leaf_50,0.3
v1164,40.79554301301659,-73.95797479603772,leaf_50,0.3
v1165,40.87336082508078,-73.91186897677042,leaf_50,0.3
v1166,40.86171265582343,-73.92184350784004,leaf_50,0.3
v1167,40.76426041111102,-73.99916640929625,leaf_50,0.3
v1168,40.742046964199055,-73.98029721610054,leaf_50,0.3
v1169,40.71194434307102,-73.98415291310955,leaf_50,0.3
v1170,40.774914873500975,-73.96088049715854,leaf_50,0.3
v1171,40.802991330936045,-73.93170859921693,leaf_50,0.3
v1172,40.78547303726707,-73.94984315875776,leaf_50,0.3
v1173,40.71082386246775,-73.99763807866017,leaf_50,0.3
v1174,40.862430144584074,-73.92243981352883,leaf_50,0.3
v1175,40.76316269923362,-73.9910277778499,leaf_50,0.3
v1176,40.7449309039446,-73.99392374036262,leaf_50,0.3
v1177,40.828218281424526,-73.95018105195871,leaf_50,0.3
v1178,40.7841781776919,-73.98514152240575,leaf_50,0.3
v1179,40.76338827457029,-73.96464150966064,leaf_50,0.3
v1180,40.82795619056779,-73.94148371960999,leaf_50,0.3
v1181,40.852233072567415,-73.93911165156021,leaf_50,0.3
v1182,40.77296397876675,-73.96922014032742,leaf_50,0.3
v1183,40.8028772856257,-73.96892100502903,leaf_50,0.3
v1184,40.80216739759946,-73.96059179606556,leaf_50,0.3
v1185,40.83757739765742,-73.93684492305968,leaf_50,0.3
v1186,40.75786308754372,-73.96485180839684,leaf_50,0.3
v1187,40.846104842689606,-73.93216255216629,leaf_50,0.3
v1188,40.78312382967823,-73.97734502223626,leaf_50,0.3
v1189,40.73937871136158,-73.9780719476265,leaf_50,0.3
v1190,40.74396613265061,-73.98799617299598,leaf_50,0.3
v1191,40.75949569270427,-74.00627416115626,leaf_50,0.3
v1192,40.790751748767356,-73.96237360300407,leaf_50,0.3
v1193,40.790685846771304,-73.95446494258152,leaf_50,0.3
v1194,40.8060463231965,-73.96292202565596,leaf_50,0.3
v1195,40.77207139227875,-73.96886709586269,leaf_50,0.3
v1196,40.757639842493795,-74.0042160078448,leaf_50,0.3
v1197,40.77407729513337,-73.96479978508788,leaf_50,0.3
v1198,40.7947286003794,-73.94862513046404,leaf_50,0.3
v1199,40.792407495764756,-73.94948522446157,leaf_50,0.3
v1200,40.73375251458019,-73.98863715149632,leaf_50,0.3
v1201,40.712738455745814,-74.01277716407121,leaf_50,0.3
v1202,40.81881119256931,-73.93927792378337,leaf_50,0.3
v1203,40.77864560740338,-73.9807103363467,leaf_50,0.3
v1204,40.716707540815754,-74.01584071810744,leaf_50,0.3
v1205,40.810738434661836,-73.9458041580054,leaf_50,0.3
v1206,40.735524899630406,-73.99660385183688,leaf_50,0.3
v1207,40.79667539516618,-73.96550720465002,leaf_50,0.3
v1208,40.777431785282644,-73.96334400971708,leaf_50,0.3
v1209,40.762794424699315,-73.9883981278609,leaf_50,0.3
v1210,40.70315822445074,-74.00953508458389,leaf_50,0.3
v1211,40.76822329692445,-73.95135246213889,leaf_50,0.3
v1212,40.74944855331428,-73.96962349234634,leaf_50,0.3
v1213,40.714514824762894,-74.00781598058815,leaf_50,0.3
v1214,40.77251343003579,-73.97278590438815,leaf_50,0.3
v1215,40.737132422985475,-73.98020501147094,leaf_50,0.3
v1216,40.812246007501464,-73.96644850399251,leaf_50,0.3
v1217,40.74639286206674,-73.97776545630504,leaf_50,0.3
v1218,40.79370002011261,-73.95566155260961,leaf_50,0.3
v1219,40.84863600506953,-73.9373985002166,leaf_50,0.3
v1220,40.813911508901995,-73.94946223443318,leaf_50,0.3
v1221,40.742392628053196,-73.97548198976764,leaf_50,0.3
v1222,40.81174991455692,-73.94779223360082,leaf_50,0.3
v1223,40.76424744087526,-73.96365119731469,leaf_50,0.3
v1224,40.757219337060306,-73.97874963945071,leaf_50,0.3
v1225,40.8145962869043,-73.9361990121426,leaf_50,0.3
v1226,40.85934325135716,-73.92651296881043,leaf_50,0.3
v1227,40.71268698297636,-73.9999561031977,leaf_50,0.3
v1228,40.79603119613546,-73.9405496895322,leaf_50,0.3
v1229,40.7785781887894,-73.95018375736048,leaf_50,0.3
v1230,40.82109128219678,-73.95763069508965,leaf_50,0.3
v1231,40.74789283196882,-73.97873494064824,leaf_50,0.3
v1232,40.72009715977767,-74.00370962015789,leaf_50,0.3
v1233,40.80185835115542,-73.9603237397064,leaf_50,0.3
v1234,40.859823102803865,-73.92733794412227,leaf_50,0.3
v1235,40.748624410408254,-73.99756333217562,leaf_50,0.3
v1236,40.77119130316373,-73.98436422468848,leaf_50,0.3
v1237,40.718509919315736,-74.01162853229636,leaf_50,0.3
v1238,40.75335130711689,-73.98525686578903,leaf_50,0.3
v1239,40.85373616344387,-73.92666279134804,leaf_50,0.3
v1240,40.71043988495413,-74.01484922125987,leaf_50,0.3
v1241,40.80230433332275,-73.94449372813793,leaf_50,0.3
v1242,40.72105976520956,-73.99039024716845,leaf_50,0.3
v1243,40.76567622253006,-73.95204093236997,leaf_50,0.3
v1244,40.76697186201464,-73.95922514402348,leaf_50,0.3
v1245,40.83001470559071,-73.95311895736934,leaf_50,0.3
v1246,40.78999413049794,-73.96301872592406,leaf_50,0.3
v1247,40.86951218263574,-73.92929485139163,leaf_50,0.3
v1248,40.72173082061332,-74.00313817407698,leaf_50,0.3
v1249,40.78819221498967,-73.96866907564053,leaf_50,0.3
v1250,40.80435494535119,-73.94337297019179,leaf_50,0.3
v1251,40.85467448023997,-73.92824296977173,leaf_50,0.3
v1252,40.799865666581354,-73.93091508362507,leaf_50,0.3
v1253,40.76067486119283,-73.98210498571908,leaf_50,0.3
v1254,40.814307294794894,-73.9386559240665,leaf_50,0.3
v1255,40.77347218382683,-73.96551297499418,leaf_50,0.3
v1256,40.71020927102184,-73.9989916785594,leaf_50,0.3
v1257,40.78175131464228,-73.98449070340487,leaf_50,0.3
v1258,40.84136803860821,-73.94576686608087,leaf_50,0.3
v1259,40.763704052037795,-73.97153804696485,leaf_50,0.3
v1260,40.76145545607454,-73.96283783565164,leaf_50,0.3
v1261,40.728400020861535,-74.0117720724229,leaf_50,0.3
v1262,40.84785540317424,-73.94208926944101,leaf_50,0.3
v1263,40.87684589311377,-73.9275342462301,leaf_50,0.3
v1264,40.83875510027879,-73.94362870261614,leaf_50,0.3
v1265,40.737109924246326,-73.97274976851453,leaf_50,0.3
v1266,40.7566629223728,-73.98736490920918,leaf_50,0.3
v1267,40.73988001016991,-74.00848522147153,leaf_50,0.3
v1268,40.76879153759756,-73.99213546496934,leaf_50,0.3
v1269,40.857583105996184,-73.93817803449384,leaf_50,0.3
v1270,40.86853377116253,-73.92542952559882,leaf_50,0.3
v1271,40.7752976619506,-73.98933227184367,leaf_50,0.3
v1272,40.77742270506753,-73.98345330783863,leaf_50,0.3
v1273,40.82640905226307,-73.93873718749911,leaf_50,0.3
v1274,40.73771290354764,-74.00343984155244,leaf_50,0.3
v1275,40.73580172406767,-73.99889784855398,leaf_50,0.3
v1276,40.746106513797265,-73.98466106478078,leaf_50,0.3
v1277,40.784855424269715,-73.97661332693795,leaf_50,0.3
v1278,40.73880647979985,-74.00630285962801,leaf_50,0.3
v1279,40.721340515058756,-74.0019067065338,leaf_50,0.3
v1280,40.78853765928448,-73.94596442366073,leaf_50,0.3
v1281,40.74091096450286,-73.99010346338513,leaf_50,0.3
v1282,40.764323666206685,-73.99285229503917,leaf_50,0.3
v1283,40.86827197557527,-73.91546161087011,leaf_50,0.3
v1284,40.77896822283344,-73.94625921452591,leaf_50,0.3
v1285,40.78822602513466,-73.95272781999064,leaf_50,0.3
v1286,40.84247773894115,-73.93798853542499,leaf_50,0.3
v1287,40.832676628288034,-73.94124562671631,leaf_50,0.3
v1288,40.79654260209799,-73.95087455739383,leaf_50,0.3
v1289,40.75947940339496,-74.00545592668695,leaf_50,0.3
v1290,40.76592344032056,-73.96238662253586,leaf_50,0.3
v1291,40.798383406449986,-73.96451161316371,leaf_50,0.3
v1292,40.842522765916094,-73.93163854484155,leaf_50,0.3
v1293,40.714501612259205,-74.01620804836301,leaf_50,0.3
v1294,40.72157278048419,-73.97939769653041,leaf_50,0.3
v1295,40.795571963531565,-73.97098559083089,leaf_50,0.3
v1296,40.79498952020344,-73.95329427625796,leaf_50,0.3
v1297,40.792230378004504,-73.97708840908074,leaf_50,0.3
v1298,40.81409731948566,-73.95982862628983,leaf_50,0.3
v1299,40.862615466353,-73.92973309175342,leaf_50,0.3
v1300,40.782157049052074,-73.94667499878273,leaf_50,0.3
v1301,40.82195518725937,-73.93824829533231,leaf_50,0.3
v1302,40.7713724698637,-73.9807943375078,leaf_50,0.3
v1303,40.79539916183427,-73.96937998087029,leaf_50,0.3
v1304,40.72884922027963,-74.01366729596512,leaf_50,0.3
v1305,40.733846100582504,-74.01016084840064,leaf_50,0.3
v1306,40.759594779264724,-73.98784190721258,leaf_50,0.3
v1307,40.72317560386132,-73.9913589046439,leaf_50,0.3
v1308,40.72421400667342,-74.00702815707359,leaf_50,0.3
v1309,40.718016669534286,-73.98866818806542,leaf_50,0.3
v1310,40.79351834950506,-73.94831633789745,leaf_50,0.3
v1311,40.78864183986428,-73.97975855380615,leaf_50,0.3
v1312,40.81633810762527,-73.95189863250934,leaf_50,0.3
v1313,40.81603924294998,-73.93472952057428,leaf_50,0.3
v1314,40.773620236738715,-73.99176979496552,leaf_50,0.3
v1315,40.71039741524515,-74.00878120340552,leaf_50,0.3
v1316,40.76767071124577,-73.97682950400629,leaf_50,0.3
v1317,40.76279871162095,-73.99848454519946,leaf_50,0.3
v1318,40.72496669626064,-73.99492795866396,leaf_50,0.3
v1319,40.78978657422356,-73.977342768599,leaf_50,0.3
v1320,40.75028398648089,-73.98438167319127,leaf_50,0.3
v1321,40.7900225025743,-73.9391459052403,leaf_50,0.3
v1322,40.77133326401225,-73.97423816562173,leaf_50,0.3
v1323,40.862335365087944,-73.92923460377153,leaf_50,0.3
v1324,40.84909465221119,-73.92970662359204,leaf_50,0.3
v1325,40.85230647721322,-73.93227368371139,leaf_50,0.3
v1326,40.734479107589436,-73.98257145974846,leaf_50,0.3
v1327,40.77699360576366,-73.96846518277175,leaf_50,0.3
v1328,40.76349379704808,-73.98619735073059,leaf_50,0.3
v1329,40.7616120019267,-73.98451332518734,leaf_50,0.3
v1330,40.79672327415576,-73.92930286606929,leaf_50,0.3
v1331,40.724518245656554,-73.97732377044707,leaf_50,0.3
v1332,40.82484969866166,-73.9361591097563,leaf_50,0.3
v1333,40.7251005319789,-73.99311841041097,leaf_50,0.3
v1334,40.705708641084215,-74.00951785037992,leaf_50,0.3
v1335,40.8011648094686,-73.93281961295355,leaf_50,0.3
v1336,40.760950932267825,-73.97157451728441,leaf_50,0.3
v1337,40.793014248000794,-73.96514041520594,leaf_50,0.3
v1338,40.71672469552092,-73.97974464108277,leaf_50,0.3
v1339,40.75725213525542,-73.99236812548656,leaf_50,0.3
v1340,40.714469833706225,-73.98364074642433,leaf_50,0.3
v1341,40.860915135833196,-73.93651668360984,leaf_50,0.3
v1342,40.820084130120684,-73.95836666133391,leaf_50,0.3
v1343,40.76783955055653,-73.99284083555996,leaf_50,0.3
v1344,40.84443641694657,-73.93076735936583,leaf_50,0.3
v1345,40.80343529019191,-73.95153948903591,leaf_50,0.3
v1346,40.75984502429663,-73.98314598042307,leaf_50,0.3
v1347,40.76273673239363,-73.97138808086939,leaf_50,0.3
v1348,40.83390754126569,-73.94428051918034,leaf_50,0.3
v1349,40.79328196285453,-73.96234663859828,leaf_50,0.3
v1350,40.77999013249203,-73.95620681892883,leaf_50,0.3
v1351,40.721778849913115,-73.9851740129452,leaf_50,0.3
v1352,40.75983778714879,-73.98227195399288,leaf_50,0.3
v1353,40.813061727030664,-73.93589054810008,leaf_50,0.3
v1354,40.76496623168178,-73.98077485986703,leaf_50,0.3
v1355,40.81768909536965,-73.94897010807972,leaf_50,0.3
v1356,40.75319304416284,-73.9734069233529,leaf_50,0.3
v1357,40.83960623726891,-73.93308408770578,leaf_50,0.3
v1358,40.74161971726464,-73.99523453939186,leaf_50,0.3
v1359,40.79477514747384,-73.94080143222529,leaf_50,0.3
v1360,40.860865860944024,-73.93430083991004,leaf_50,0.3
v1361,40.730641787411344,-74.00330979670748,leaf_50,0.3
v1362,40.71110758588302,-74.01748193670551,leaf_50,0.3
v1363,40.75699485328552,-73.97535222561905,leaf_50,0.3
v1364,40.73803736537266,-73.986359975245,leaf_50,0.3
v1365,40.82793224597802,-73.93948287314073,leaf_50,0.3
v1366,40.80460968406878,-73.96385964107067,leaf_50,0.3
v1367,40.829791378918266,-73.93571644772045,leaf_50,0.3
v1368,40.76256217843483,-73.97329113395286,leaf_50,0.3
v1369,40.77425971749184,-73.98922283203092,leaf_50,0.3
v1370,40.82300129411718,-73.95255509214743,leaf_50,0.3
v1371,40.76357990045621,-73.96984803057296,leaf_50,0.3
v1372,40.81989915542586,-73.94071922194273,leaf_50,0.3
v1373,40.85133449427151,-73.9305108831747,leaf_50,0.3
v1374,40.706039490020885,-74.01009828024604,leaf_50,0.3
v1375,40.78972765830437,-73.94674070365451,leaf_50,0.3
v1376,40.7648519285374,-73.97013464040637,leaf_50,0.3
v1377,40.72742149397065,-73.99760667128618,leaf_50,0.3
v1378,40.77469942227938,-73.95308737230552,leaf_50,0.3
v1379,40.78173276660875,-73.95014894319443,leaf_50,0.3
v1380,40.76508354257877,-73.96696665701913,leaf_50,0.3
v1381,40.773977153030394,-73.98969244147996,leaf_50,0.3
v1382,40.77485170823112,-73.96007272533427,leaf_50,0.3
v1383,40.78676240358598,-73.96677765992945,leaf_50,0.3
v1384,40.7929821488037,-73.95885641659035,leaf_50,0.3
v1385,40.738292020156265,-74.00283268583735,leaf_50,0.3
v1386,40.705898836783504,-74.01835285777125,leaf_50,0.3
v1387,40.79570169886242,-73.95232865910636,leaf_50,0.3
v1388,40.758656818359384,-73.98489684679379,leaf_50,0.3
v1389,40.7949517434355,-73.94112045668577,leaf_50,0.3
v1390,40.82657951340959,-73.94103105427449,leaf_50,0.3
v1391,40.71074743281597,-74.00611417628456,leaf_50,0.3
v1392,40.75274387241585,-73.97777617884681,leaf_50,0.3
v1393,40.750104636564906,-74.00039220949775,leaf_50,0.3
v1394,40.74364310698445,-74.00104786883064,leaf_50,0.3
v1395,40.771031966325005,-73.98398343230237,leaf_50,0.3
v1396,40.82633228081996,-73.95435828046011,leaf_50,0.3
v1397,40.728748809993796,-74.0091538817792,leaf_50,0.3
v1398,40.756231915000704,-73.96416456166178,leaf_50,0.3
v1399,40.746188837588186,-73.97160568917518,leaf_50,0.3
